CREATE DATABASE  IF NOT EXISTS `dpr` /*!40100 DEFAULT CHARACTER SET utf8mb4 COLLATE utf8mb4_0900_ai_ci */ /*!80016 DEFAULT ENCRYPTION='N' */;
USE `dpr`;
-- MySQL dump 10.13  Distrib 8.0.34, for Win64 (x86_64)
--
-- Host: 127.0.0.1    Database: dpr
-- ------------------------------------------------------
-- Server version	8.0.34

/*!40101 SET @OLD_CHARACTER_SET_CLIENT=@@CHARACTER_SET_CLIENT */;
/*!40101 SET @OLD_CHARACTER_SET_RESULTS=@@CHARACTER_SET_RESULTS */;
/*!40101 SET @OLD_COLLATION_CONNECTION=@@COLLATION_CONNECTION */;
/*!50503 SET NAMES utf8 */;
/*!40103 SET @OLD_TIME_ZONE=@@TIME_ZONE */;
/*!40103 SET TIME_ZONE='+00:00' */;
/*!40014 SET @OLD_UNIQUE_CHECKS=@@UNIQUE_CHECKS, UNIQUE_CHECKS=0 */;
/*!40014 SET @OLD_FOREIGN_KEY_CHECKS=@@FOREIGN_KEY_CHECKS, FOREIGN_KEY_CHECKS=0 */;
/*!40101 SET @OLD_SQL_MODE=@@SQL_MODE, SQL_MODE='NO_AUTO_VALUE_ON_ZERO' */;
/*!40111 SET @OLD_SQL_NOTES=@@SQL_NOTES, SQL_NOTES=0 */;

--
-- Table structure for table `completion`
--

DROP TABLE IF EXISTS `completion`;
/*!40101 SET @saved_cs_client     = @@character_set_client */;
/*!50503 SET character_set_client = utf8mb4 */;
CREATE TABLE `completion` (
  `id` int NOT NULL AUTO_INCREMENT,
  `well_id` int NOT NULL,
  `report_date` date NOT NULL,
  `horizon_id` int DEFAULT NULL,
  `casing` varchar(255) DEFAULT NULL,
  `completion_interval` varchar(255) DEFAULT NULL,
  `tubing1_depth` varchar(255) DEFAULT NULL,
  `tubing1_length` varchar(255) DEFAULT NULL,
  `tubing2_depth` varchar(255) DEFAULT NULL,
  `tubing2_length` varchar(255) DEFAULT NULL,
  `tubing3_depth` varchar(255) DEFAULT NULL,
  `tubing3_length` varchar(255) DEFAULT NULL,
  `packer_depth` varchar(255) DEFAULT NULL,
  `created_at` timestamp NULL DEFAULT CURRENT_TIMESTAMP,
  PRIMARY KEY (`id`),
  UNIQUE KEY `unique_completion` (`well_id`,`report_date`),
  KEY `horizon_id` (`horizon_id`),
  CONSTRAINT `completion_ibfk_1` FOREIGN KEY (`well_id`) REFERENCES `wells` (`id`),
  CONSTRAINT `completion_ibfk_2` FOREIGN KEY (`horizon_id`) REFERENCES `horizons` (`id`)
) ENGINE=InnoDB AUTO_INCREMENT=6126 DEFAULT CHARSET=utf8mb4 COLLATE=utf8mb4_0900_ai_ci;
/*!40101 SET character_set_client = @saved_cs_client */;

--
-- Dumping data for table `completion`
--

LOCK TABLES `completion` WRITE;
/*!40000 ALTER TABLE `completion` DISABLE KEYS */;
INSERT INTO `completion` VALUES (5760,175,'2024-12-31',12,'168,3 x 177,8 \n3418 x 60\n(3478)','2785-2759','73x114','2,5″(343m)x\n4″(2390m)xr/s(13m)=2746m','73','2,5″=2203m',NULL,NULL,NULL,'2025-01-05 07:16:17'),(5761,176,'2024-12-31',1,'168,3x177,8\n2660x865\n(3525)','2054-2037','73x114','p/y-9,0m+2,5″(1132,2m)x 4″(866,9m)x r/s(13m)=2021,1m',NULL,NULL,NULL,NULL,'2009.43','2025-01-05 07:16:17'),(5762,177,'2024-12-31',11,'168 x 177\n3406 x 34\n(3440)','2738-2602',NULL,NULL,NULL,NULL,NULL,NULL,NULL,'2025-01-05 07:16:17'),(5763,178,'2024-12-31',12,'177,8\n2990','2821-2765','73x114','2,5″(252m)x\n4″(2488m)xr/s(13m)=2753m','73','2,5″ =2304m',NULL,NULL,NULL,'2025-01-05 07:16:17'),(5764,179,'2024-12-31',1,'139,7x168,3\n1457x1577\n(3034)','2020-2007','73x114','2,5″(1176m)x 4″(796m)x p/y(8)x r/s(13m)=1993m',NULL,NULL,NULL,NULL,'1971.42','2025-01-05 07:16:17'),(5765,180,'2024-12-31',11,'139,7x168,3\n1498x1602\n(3100)','2833-2740','73x114','2,5″(1326,5m)x\n4″(1398,5m)xr/s(13m)=2738m','48x73','1,5″(1297m)x\n2,5″(1304m)=2601m',NULL,NULL,NULL,'2025-01-05 07:16:17'),(5766,181,'2024-12-31',11,'139,7x168,3\n1293x1637\n(2930)','2817-2717','73x114','2,5″(1127m)x\n4″(1563m)xr/s(13m)=2703m','48x73','1,5″(1040m)x\n2,5″(1456m)=2496m',NULL,NULL,NULL,'2025-01-05 07:16:17'),(5767,182,'2024-12-31',12,'139,7x168,3\n1519x1571\n(3090)','2907-2872','73x114','2,5″(1307m)x\n4″(1527m)xr/s(13m)=2847m','48x73','1,5″(1102m)x\n2,5″(1101m)=2203m',NULL,NULL,NULL,'2025-01-05 07:16:17'),(5768,183,'2024-12-31',7,'139,7x168,3\n1355x1600\n(2955)','2310-2288','73x114','2,5″(784m)x 4″(1480m)x r/s(13m)=2277m','73','2,5″=1400m',NULL,NULL,NULL,'2025-01-05 07:16:18'),(5769,184,'2024-12-31',7,'139,7x146x168,3\n409x1019x1617\n(3045)','2295-2273','73x114','2,5″(1200m)x 4″(1038m)x p/y(6,8)x r/s(13m)=2257,8m',NULL,NULL,NULL,NULL,'2247','2025-01-05 07:16:18'),(5770,185,'2024-12-31',18,'139,7x168,3\n1344x1604\n(2948)','2912-2878','73x114','2,5″(1374m)x\n4″(1481m)xr/s(13m)=2868m','48x73','1,5″(655m)x\n2,5″(1346m)=2001m',NULL,NULL,NULL,'2025-01-05 07:16:18'),(5771,186,'2024-12-31',18,'139,7x168,3\n1459x1609\n(3068)','2931-2909','73x114','2,5″(1335m)x\n4″(1552m)xr/s(13m)=2900m','73','2,5″=1197m',NULL,NULL,NULL,'2025-01-05 07:16:18'),(5772,187,'2024-12-31',1,'146 x 168\n1302 x 1597.8\n(2899.8)','2057-1969','73x114','2,5″(985m)x 4″(948m)xP/Y(13)+ r/s(8m)=1954m',NULL,NULL,NULL,NULL,'1942','2025-01-05 07:16:18'),(5773,188,'2024-12-31',18,'139,7x168,3\n1402x1556\n(2958)','2833,5-2820','73x114','2,5″(1325m)x\n4″(1470m)xr/s(13m)=2808m','48x73','1,5″(797m)x\n2,5″(1205m)=2002m',NULL,NULL,NULL,'2025-01-05 07:16:18'),(5774,189,'2024-12-31',7,'139,7x168,3\n1386x1464\n(2850)','2248-2240','73x114','2,5″(1207m)x 4″(816,22m)xP/Y(187,57)+ r/s(13m)=2224m',NULL,NULL,NULL,NULL,'2212','2025-01-05 07:16:18'),(5775,190,'2024-12-31',11,'139,7x146x168,3\n1056x770x1244\n(3070)','2812-2748','73x114','2,5″(1578m)x\n4″(1148m)xr/s(13m)=2739m','48x73','1,5″(1184m)x\n2,5″(1120m)=2304m',NULL,NULL,NULL,'2025-01-05 07:16:18'),(5776,191,'2024-12-31',7,'146 x 168\n1346 x 1600\n(2946)','2308-2302','73x114','2,5″(1252,5m)x 3″(994,19m)xp/y24,9x r/s(13m)=2284,62m',NULL,NULL,NULL,NULL,'2270','2025-01-05 07:16:18'),(5777,192,'2024-12-31',7,'146 x 168\n1270 x 1616\n(2886)','2330-2319','73x114','2,5″(1389,73m)x 4″(913,19m)xp/y8,92x r/s(13m)=2307,85m',NULL,NULL,NULL,NULL,'2296','2025-01-05 07:16:18'),(5778,193,'2024-12-31',18,'177,8\n3010','2967-2935','73x114','2,5″(901m)x\n4″(2010m)xr/s(13m)=2924m','73','2,5″=1806m',NULL,NULL,NULL,'2025-01-05 07:16:18'),(5779,194,'2024-12-31',12,'114 x 168\n1472 x 1516\n(2988)','2952-2941','73x114','2,5″(1452m)x\n4″(1468m)xr/s(13m)=2933m','48x73','1,5″(1323m)x\n2,5″(1096m)=2419m',NULL,NULL,NULL,'2025-01-05 07:16:18'),(5780,195,'2024-12-31',NULL,NULL,NULL,NULL,NULL,NULL,NULL,NULL,NULL,NULL,'2025-01-05 07:16:18'),(5781,196,'2024-12-31',NULL,NULL,NULL,NULL,NULL,NULL,NULL,NULL,NULL,NULL,'2025-01-05 07:16:18'),(5782,197,'2024-12-31',NULL,NULL,NULL,NULL,NULL,NULL,NULL,NULL,NULL,NULL,'2025-01-05 07:16:18'),(5783,198,'2024-12-31',NULL,NULL,NULL,NULL,NULL,NULL,NULL,NULL,NULL,NULL,'2025-01-05 07:16:18'),(5784,199,'2024-12-31',NULL,NULL,NULL,NULL,NULL,NULL,NULL,NULL,NULL,NULL,'2025-01-05 07:16:18'),(5785,200,'2024-12-31',NULL,NULL,NULL,NULL,NULL,NULL,NULL,NULL,NULL,NULL,'2025-01-05 07:16:18'),(5786,201,'2024-12-31',NULL,NULL,NULL,NULL,NULL,NULL,NULL,NULL,NULL,NULL,'2025-01-05 07:16:18'),(5787,202,'2024-12-31',NULL,NULL,NULL,NULL,NULL,NULL,NULL,NULL,NULL,NULL,'2025-01-05 07:16:18'),(5788,203,'2024-12-31',NULL,NULL,NULL,NULL,NULL,NULL,NULL,NULL,NULL,NULL,'2025-01-05 07:16:18'),(5789,204,'2024-12-31',NULL,NULL,NULL,NULL,NULL,NULL,NULL,NULL,NULL,NULL,'2025-01-05 07:16:18'),(5790,205,'2024-12-31',NULL,NULL,NULL,NULL,NULL,NULL,NULL,NULL,NULL,NULL,'2025-01-05 07:16:18'),(5791,206,'2024-12-31',18,'168,3 \n3868','3513-3481','73x114','2,5″(1371m)x\n4″(2084m)xr/s(13m)=3468m','73','2,5″=1905m',NULL,NULL,NULL,'2025-01-05 07:16:19'),(5792,207,'2024-12-31',12,'168,3\n4060','3321-3266','73x114','2,5″(953m)x\n4″(2289m)xr/s(13m)=3255m','73','2,5″=2203m',NULL,NULL,NULL,'2025-01-05 07:16:19'),(5793,208,'2024-12-31',11,'168.3\n3792','2957-2948','73x114','2,5″(829m)x\n4″(2063m)xr/s(13m)=2905m','48x73','1.5”-89/799m+2.5”-192/1814m=2613m',NULL,NULL,NULL,'2025-01-05 07:16:19'),(5794,209,'2024-12-31',12,'168,3\n3641','2952-2922','73x114','2,5″(304m)x\n4″(2570m)xr/s(13m)=2887m','73','2.5”=2530m',NULL,NULL,NULL,'2025-01-05 07:16:19'),(5795,210,'2024-12-31',12,'168,3\n3800','3084-3045','73x114','2,5″(744m)x\n4″(2280m)xr/s(12m)=3036m','48x73','1,5″(692m)x\n2,5″(2112m)=2804m',NULL,NULL,NULL,'2025-01-05 07:16:19'),(5796,211,'2024-12-31',18,'168.3\n3712','3088-3062','73x114','2,5″(851m)x\n4″(2191m)xr/s(13m)=3055m','73','2,5″=1700m',NULL,NULL,NULL,'2025-01-05 07:16:19'),(5797,212,'2024-12-31',18,'168.3\n4086','3252-3192','73x114','73mm-673m+114mm-2489m +13m=3175m','73','73mm-1708m',NULL,NULL,NULL,'2025-01-05 07:16:19'),(5798,213,'2024-12-31',18,'168.3\n3910','3285-3270','73x114','2,5″(1056m)x\n4″(2190m)xr/s(13m)=3259m','73','2,5″=2002m',NULL,NULL,NULL,'2025-01-05 07:16:19'),(5799,214,'2024-12-31',12,'168.3\n3998','3264-3245','73x114','2,5″(587m)x\n4″(2633m)xr/s(13m)=3233m','73','2,5″=2500m',NULL,NULL,NULL,'2025-01-05 07:16:19'),(5800,215,'2024-12-31',18,'168.3\n3928','3285-3205','73x114','73mm-775m+114mm-2397m +13m=3185m','73','73mm-1600m',NULL,NULL,NULL,'2025-01-05 07:16:19'),(5801,216,'2024-12-31',12,'168.3 X 177.8\n3945','2996-2981','73x114','2,5″(769m)x\n4″(2185m)xr/s(13m)=2967m','73','2,5″=2003m',NULL,NULL,NULL,'2025-01-05 07:16:19'),(5802,217,'2024-12-31',12,'139.7X146.1X168.3\n3615','2971-2872','73x114','2,5″(1305m)x\n4″(1542,5m)xr/s(13m)=2860,5m','48x73','1,5″(1158m)x\n2,5″(1239m)=2397m',NULL,NULL,NULL,'2025-01-05 07:16:19'),(5803,218,'2024-12-31',12,'139.7X146.1X168.3\n3090','3047-3003','73x114','2,5″(1579m)x\n4″(1398m)xr/s+p/y(20m)=2997m',NULL,NULL,NULL,NULL,'2995','2025-01-05 07:16:19'),(5804,219,'2024-12-31',19,'139.7X146.1X168.3\n3136','2989-2922','73x114','2,5″(1405m)x\n4″(1495m)xr/s(13m)=2913m','48x73','1,5″(900m)x\n2,5″(1307m)=2207m',NULL,NULL,NULL,'2025-01-05 07:16:19'),(5805,220,'2024-12-31',12,'139.7X146.1X168.3\n3232',NULL,NULL,NULL,NULL,NULL,NULL,NULL,NULL,'2025-01-05 07:16:19'),(5806,221,'2024-12-31',12,'139.7X146.1X168.3\n3080','3035-2998','73x114','2,5″(1440m)x4″(1486m )xr/s(13m)xp/y(45m)=2984m','48x73','1,5″(996m)x\n2,5″(1450m)=2446m',NULL,NULL,NULL,'2025-01-05 07:16:19'),(5807,222,'2024-12-31',11,'139.7X168.3\n3235',NULL,NULL,NULL,NULL,NULL,NULL,NULL,NULL,'2025-01-05 07:16:19'),(5808,223,'2024-12-31',11,'139.7X146.1X168.3\n3038','2846-2831','73x114','2,5″(1317m)x\n4″(1487m)xr/s(13m)=2817m','48x73','1,5″(1004m)x\n2,5″(1391m)=2395m',NULL,NULL,NULL,'2025-01-05 07:16:19'),(5809,224,'2024-12-31',11,'139.7X146.1X168.3\n3195','2990-2954','73x114','2,5″(1428m)x\n4″(1505m)xr/s(13m)=2946m','48x73','1,5″(1351m)x\n2,5″(950m)=2301m',NULL,NULL,NULL,'2025-01-05 07:16:19'),(5810,225,'2024-12-31',11,'139.7X146.1X168.3\n3600','3259-3256','73x114','2,5″(1695m)x\n4″(1541m)xr/s(13m)=3249m','48x73','1,5″(703m)x\n2,5″(1402)=2105m',NULL,NULL,NULL,'2025-01-05 07:16:19'),(5811,226,'2024-12-31',11,'139.7X168.3\n3270',NULL,NULL,NULL,NULL,NULL,NULL,NULL,NULL,'2025-01-05 07:16:19'),(5812,227,'2024-12-31',11,'139.7X146.1X168.3\n3234',NULL,NULL,NULL,NULL,NULL,NULL,NULL,NULL,'2025-01-05 07:16:19'),(5813,228,'2024-12-31',12,'139.7X146.1X168.3\n3640','3428-3394','73x114','73mm-1793m+114mm-1578m +10m=3381m','73','73mm-1498m',NULL,NULL,NULL,'2025-01-05 07:16:19'),(5814,229,'2024-12-31',11,'139.7X146.1X168.3\n3450','3125-3070','73x114','2,5″(1525m)x\n4″(1524)xr/s(13m)=3062m','48x73','1,5″(854m)x\n2,5″(1514m)=2368m',NULL,NULL,NULL,'2025-01-05 07:16:19'),(5815,230,'2024-12-31',18,'168.3\n3366','3196-3190','73x114','2,5″(580m)x\n4″(2585m)xr/s(13m)=3178m','73','2,5″=2499m',NULL,NULL,NULL,'2025-01-05 07:16:19'),(5816,231,'2024-12-31',12,'168.3\n3416','3245-3229','73x114','2,5″(459m)x\n4″(2719m)xr/s(13m)=3191m','73','2,5″=2401m',NULL,NULL,NULL,'2025-01-05 07:16:19'),(5817,232,'2024-12-31',12,'168.3\n3300','3068-3023','73x114','2,5″(623m)x\n4″(2386m)xr/s(13m)=3022m','73','2,5″=1998m',NULL,NULL,NULL,'2025-01-05 07:16:19'),(5818,233,'2024-12-31',18,'168.3\n3231',NULL,NULL,NULL,NULL,NULL,NULL,NULL,NULL,'2025-01-05 07:16:19'),(5819,234,'2024-12-31',11,'168.3\n3314','3031-3022','73x114','2,5″(620m)x\n4″(2285m)xr/s(13m)=2918m','48x73','1,5″(601m)x\n2,5″(1898m)=2499m',NULL,NULL,NULL,'2025-01-05 07:16:19'),(5820,235,'2024-12-31',12,'168.3\n3177','2986-2945','73x114','2,5″(530m)x\n4″(2389m)xr/s(13m)=2932m','73','2,5″=2205m',NULL,NULL,NULL,'2025-01-05 07:16:19'),(5821,236,'2024-12-31',18,'168.3\n3392','3188-3182','73x114','2,5″(760m)x\n4″(2400m)xr/s(16m)=3176m','73','2,5″=1713m',NULL,NULL,NULL,'2025-01-05 07:16:19'),(5822,237,'2024-12-31',18,'168.3\n3124','3070-3034','73x114','2,5″(975m)x\n4″(2032m)xr/s(16m)=3023m','73','2,5″=1801m',NULL,NULL,NULL,'2025-01-05 07:16:19'),(5823,238,'2024-12-31',18,'168,.3\n3196','3063-3046','73x114','2,5″(832m)x\n4″(2187m)xr/s(13m)=3032m','73','2,5″=2100m',NULL,NULL,NULL,'2025-01-05 07:16:19'),(5824,239,'2024-12-31',12,'168.3\n3483','3289-3258','73x114','2,5″(644m)x\n4″(2593m)xr/s(13m)=3250m','73','2,5″=2102m',NULL,NULL,NULL,'2025-01-05 07:16:19'),(5825,240,'2024-12-31',18,'168.3\n3488.5','3298-3290','73x114','2,5″(1083m)x\n4″(2316m)xr/s(16m)=3415m','73','2,5″=2004m',NULL,NULL,NULL,'2025-01-05 07:16:19'),(5826,241,'2024-12-31',NULL,NULL,NULL,NULL,NULL,NULL,NULL,NULL,NULL,NULL,'2025-01-05 07:16:19'),(5827,242,'2024-12-31',NULL,NULL,NULL,NULL,NULL,NULL,NULL,NULL,NULL,NULL,'2025-01-05 07:16:19'),(5828,243,'2024-12-31',NULL,NULL,NULL,NULL,NULL,NULL,NULL,NULL,NULL,NULL,'2025-01-05 07:16:19'),(5829,244,'2024-12-31',18,'168,3                      \n3255','2845-2833','73x114','2,5″(617m)x\n4″(2199m)xr/s(10m)=2826m','73','2,5″=2097m',NULL,NULL,NULL,'2025-01-05 07:16:21'),(5830,245,'2024-12-31',18,'168,3                    \n4106','3081-3070','73x114','2,5″(843m)x\n4″(2196m)xr/s(17m)=3056m','73','2,5″=1899m',NULL,NULL,'2009.43','2025-01-05 07:16:21'),(5831,246,'2024-12-31',12,'168,3                      \n3825','2941-2924','73x114','2,5″(516m)x\n4″(2385m)xr/s(10m)=2911m','73','2,5″=1998m',NULL,NULL,NULL,'2025-01-05 07:16:21'),(5832,247,'2024-12-31',18,'168,3             \n3598','2784-2768','73x114','2,5″(453m)x\n4″(2283m)xr/s(17m)=2753m','73','2,5″=1801m',NULL,NULL,NULL,'2025-01-05 07:16:21'),(5833,248,'2024-12-31',18,'168,3                                          3647','2832-2805','73X114','2,5″(368m)x\n4″(2383m)xr/s(17m)=2768m','73','2,5″=1701m',NULL,NULL,NULL,'2025-01-05 07:16:21'),(5834,249,'2024-12-31',12,'168,3           \n2940','2745-2695','73x114','2,5″(372m)x\n4″(2300m)xr/s(17m)=2689m','73','2,5″=2107m',NULL,NULL,NULL,'2025-01-05 07:16:21'),(5835,250,'2024-12-31',18,'168,3            \n2937','2820-2805','73x114','2,5″(779m)x\n4″(1996m)xr/s(17m)=2792m','73','2,5″=1450m',NULL,NULL,NULL,'2025-01-05 07:16:21'),(5836,251,'2024-12-31',18,'168,3          \n2935','2852-2787','73x114','2,5″(655m)x\n4″(2102m)xr/s(17m)=2774m','73','2,5″=1605m',NULL,NULL,NULL,'2025-01-05 07:16:21'),(5837,252,'2024-12-31',12,'177,8             \n3101','2890-2805','73x114','2,5″(340,5m)x\n4″(2441,5m)xr/s(17m)=2799m','73','2,5″=2198m',NULL,NULL,NULL,'2025-01-05 07:16:21'),(5838,253,'2024-12-31',7,'177,8           \n2721','2590-2531','73x114','2,5″(960,2m)x 4″(886,52m)x p/y22,08xr/s(17m)=1885,8m',NULL,NULL,NULL,NULL,'1874.48','2025-01-05 07:16:21'),(5839,254,'2024-12-31',18,'177,8          \n2900','2855,5-2826','73x114','2,5″(1100,88m)x\n4″(1701,6m)xr/s(17m)=2819,48m','73','2,5″=1689,5m',NULL,NULL,'1942','2025-01-05 07:16:21'),(5840,255,'2024-12-31',22,'168,3x177,8 (1365,5x1884,5)','3203-3177','73x114','2,5″(1361m)x 4″(1786m)x r/s(17m)=3164m','73','2,5″=1702m',NULL,NULL,NULL,'2025-01-05 07:16:21'),(5841,256,'2024-12-31',1,'168,3x177,8 (1306x1744)','2227-2090','73x114','2,5″(1302,77m)x 4″(738,45m)x p/y19,6xr/s(17m)=2077,82m',NULL,'0',NULL,NULL,'2212','2025-01-05 07:16:21'),(5842,257,'2024-12-31',12,'168,3             \n3003','2770-2750','73x114','2,5″(746m)x\n4″(1987m)xr/s(10m)=2743m','73','2,5″=1804m',NULL,NULL,NULL,'2025-01-05 07:16:21'),(5843,258,'2024-12-31',12,'168,3           \n3771','3040-3005','73x114','2,5″(481m)x\n4″(2498m)xr/s(17m)=2996m','73','2,5″=2295m',NULL,NULL,'2270','2025-01-05 07:16:21'),(5844,259,'2024-12-31',18,'168,3           \n3713','3072-2992','73x114','73mm-949m+114mm-1984m+17m =2950m','73','73mm-1553m',NULL,NULL,'2296','2025-01-05 07:16:21'),(5845,260,'2024-12-31',32,'168,3             \n3600','3507,5-3500\n3217-3182','73x114','Is 4″(1835m)xr/s-15m)=1850m','73','IIs p/y-12,47m+ 2,5″(3128,05m)x r/s(14,75)= 3155,27m','48','IIIs 1,5″=2204m','3133.37','2025-01-05 07:16:21'),(5846,261,'2024-12-31',18,'168,3          \n3600','3000-2978','73x114','Is 4″(1835m)xr/s-15m)=1850m','73','IIs p/y-12,47m+ 2,5″(3128,05m)x r/s(14,75)= 3155,27m','48','IIIs 1,5″=2204m','3133.37','2025-01-05 07:16:21'),(5847,262,'2024-12-31',11,'168,3            \n3969','2836-2798','73x114','2,5″(406m)x\n4″(2365m)xr/s(17m)=2788m','73','2,5″=2200m',NULL,NULL,NULL,'2025-01-05 07:16:21'),(5848,263,'2024-12-31',7,'168,3           \n3087','2456-2420','73x114','2,5″(1299m)x 3x4″(1090m)x p/y(3,55)x r/s(13,0m)=2405m',NULL,NULL,NULL,NULL,'2401','2025-01-05 07:16:21'),(5849,264,'2024-12-31',18,'177,8-(3128) süz168,3','3051-3039','73x114','2,5″(630m)x\n4″(2384m)xr/s(10m)=3024m','73','2,5″=2106m',NULL,NULL,NULL,'2025-01-05 07:16:21'),(5850,265,'2024-12-31',12,'168,3             \n3103','2931-2880','73x114','2,5″(958m)x\n4″(1897m)xr/s(10m)=2865m','48x73','1,5″(906m)x2,5″ (1650m)=2556m',NULL,NULL,NULL,'2025-01-05 07:16:21'),(5851,266,'2024-12-31',7,'168,3            \n2964','2279-2246','73x114','2,5″(1113,21m)x4″(1101,84m)xp/y(10,47m)xr/s(10m)=2235,52m',NULL,NULL,NULL,NULL,'2234.38','2025-01-05 07:16:21'),(5852,267,'2024-12-31',18,'177,8           \n2963','2908-2812','73x114','2,5″(628m)x\n4″(2151m)xr/s(17m)=2796m','73','2,5″=1797m',NULL,NULL,NULL,'2025-01-05 07:16:21'),(5853,268,'2024-12-31',18,'168,3             \n3125','2852-2801','73x114','2,5″(1170m)x\n4″(1602m)xr/s(18m)=2790m','73','2,5″=1550m',NULL,NULL,NULL,'2025-01-05 07:16:21'),(5854,269,'2024-12-31',12,'139,7x168,3 (1431x1726)','2781-2749','73x114','2,5″(1064m)x\n4″(1653m)xr/s(18m)=2735m','48x73','1,5″(949m)x2,5″ (1358m)=2307m',NULL,NULL,NULL,'2025-01-05 07:16:21'),(5855,270,'2024-12-31',1,'139,7x168,3 (1602,96x2602,04)','2112-2086','73x114','2,5″(566m)x 4″(1488m)x r/s(18m)=2072m','73','2,5″=1200m',NULL,NULL,NULL,'2025-01-05 07:16:21'),(5856,271,'2024-12-31',22,'140x1146x168,3 (302x963,6x1984,4)','3187-3152','73x114','2,5″(1238,76m)x 4″(1881,10m)x r/s(17m)=3136,9m','73','2,5″=1498m',NULL,NULL,NULL,'2025-01-05 07:16:21'),(5857,272,'2024-12-31',7,'168,3x177,8 (1515x1868)','2725-2715','73x114','2,5″(399m)x\n4″(2283m)xr/s(17m)=2699m','73','2,5″=1502m',NULL,NULL,NULL,'2025-01-05 07:16:21'),(5858,273,'2024-12-31',18,'168,3(3924)','3046-3025','73x114','2,5″(1020m)x\n4″(1983m)xr/s(17m)=3020m','73','2,5″=1796m',NULL,NULL,NULL,'2025-01-05 07:16:21'),(5859,274,'2024-12-31',7,'168,3(2695)','2457-2433','73x114','1395',NULL,NULL,NULL,NULL,NULL,'2025-01-05 07:16:21'),(5860,275,'2024-12-31',7,'139,7 x 168,3\n2156 x 1767\n(3923)','2230-2215','73x114','Paker yığımı-7,0m+2,5″(1264m)x 4″(920m)x r/s(13m)=2204m',NULL,NULL,NULL,NULL,NULL,'2025-01-05 07:16:22'),(5861,276,'2024-12-31',12,'168,3X177,8   3700X355 (4055m)','X-3077-3070; IX-3042-3038;3000-2997','73x114','2,5″(294m)x\n4″(2675m)xr/s(13m)=2982m','73','2,5″=2400m',NULL,NULL,NULL,'2025-01-05 07:16:22'),(5862,277,'2024-12-31',11,'139,7 x 168,3\n1976 x 1669\n(3645)','2676-2578','73x114','2,5″(1043m)x\n4″(1502m)xr/s(13m)=2558m','48x73','1,5″(798m)x\n2,5″(1399m)=2197m',NULL,NULL,NULL,'2025-01-05 07:16:22'),(5863,278,'2024-12-31',12,'168,3 x 177,8\n795 x 2976\n(3771)','2760-2739','73x114','2,5″(349m)x\n4″(2365m)xr/s(13m)=2727m','73','2,5″=2248 m',NULL,NULL,NULL,'2025-01-05 07:16:22'),(5864,279,'2024-12-31',22,'168,3\n3747','3130-3110','114','4\"-2601m.','73','IIs p/y-13,61m+2,5″(3085,96m) x r/s(10m)= 3095,96m.','1\"x48','1″(796m)+ 1,5\"(1809)=2605m','3075.24','2025-01-05 07:16:22'),(5865,280,'2024-12-31',12,'168,3\n3747','2774-2759','114','4\"-2601m.','73','IIs p/y-13,61m+2,5″(3085,96m) x r/s(10m)= 3095,96m.','1\"x48','1″(796m)+ 1,5\"(1809)=2605m','3075.24','2025-01-05 07:16:22'),(5866,281,'2024-12-31',7,'168,3\n2517','2420-2399','73x114','2,5″(597m)x\n4″(1771m)xr/s(13m)=2381m','73','2,5″=1498m',NULL,NULL,NULL,'2025-01-05 07:16:22'),(5867,282,'2024-12-31',7,'168,3\n2664','2430-2378','73x114','Paker yığımı-10,65m+2,5″(1383,65m)x 4″(961m)x r/s(13m)=2368,5m',NULL,NULL,NULL,NULL,'2355.74','2025-01-05 07:16:22'),(5868,283,'2024-12-31',1,'139,7 x 168,3\n1467 x 1493\n(2960)','2018-2013','73x114','2,5″(626m)x 4″(1358m)x r/s(13m)=1997m','73','2,5″=793m',NULL,NULL,NULL,'2025-01-05 07:16:22'),(5869,284,'2024-12-31',7,'168,3\n2665','2592-2566','73x114','2,5″(1150m)x 4″(1391m)x r/s(13m)=2554m','73','2,5″=1252,9m',NULL,NULL,NULL,'2025-01-05 07:16:22'),(5870,285,'2024-12-31',11,'139,7 x 168,3\n1488 x 1597\n(3005)','2829-2794','73x114','2,5″(1237m)x\n4″(1528m)xr/s(13m)=2778m','48x73','1,5″(1204m)x\n2,5″(1458m)=2662m',NULL,NULL,NULL,'2025-01-05 07:16:22'),(5871,286,'2024-12-31',11,'139,7 x 168,3\n981 x 1600\n(2581)',NULL,NULL,NULL,NULL,NULL,NULL,NULL,NULL,'2025-01-05 07:16:22'),(5872,287,'2024-12-31',11,'139,7 x 168,3\n1563 x 1607\n(3170)',NULL,NULL,NULL,NULL,NULL,NULL,NULL,NULL,'2025-01-05 07:16:22'),(5873,288,'2024-12-31',11,'139,7 x 168,3\n1330 x 1586\n(2916)','2612-2592','73x114','2,5″(1035m)x\n4″(1537m)xr/s(13m)=2585m','48x73','1,5″(548m)x\n2,5″(1352m)\n=1900m',NULL,NULL,NULL,'2025-01-05 07:16:22'),(5874,289,'2024-12-31',7,'139,7 x 168,3\n991 x 1600\n(2591)','2477-2464',NULL,NULL,NULL,NULL,NULL,NULL,NULL,'2025-01-05 07:16:22'),(5875,290,'2024-12-31',12,'139,7x168,3   1025x1650 (2675)','2911-2884','73x114','2,5″(1280m)x\n4″(1581m)xr/s(13m)=2874m','48x73','1,5″(301m)x\n2,5″(1296m)=1597m',NULL,NULL,NULL,'2025-01-05 07:16:22'),(5876,291,'2024-12-31',11,'139,7x168,3   1545x1495 (3040)','2638,5-2598','73x114','2,5″(1152m)x 4\" (1422m)\nxr/s(13m)=2587m','48x73','1,5″(1045m)x\n2,5″(1357m)=2402m',NULL,NULL,NULL,'2025-01-05 07:16:22'),(5877,292,'2024-12-31',1,'139,7 x 168,3\n1545 x 1495\n(3040)','1993-1940','73x114','Paker yığımı-8,77m+2,5″(1049,03m)x 4″(726,6m)x r/s(13m)=1797,4m',NULL,NULL,NULL,NULL,'1910','2025-01-05 07:16:22'),(5878,293,'2024-12-31',11,'139,7 x 168,3\n1352 x 1617\n(2969)','2690-2618','73x114','2,5″(1046m)x\n4″(1547m)xr/s(13m)=2606m','48x73','1,5″(650m)x\n2,5″(1496m)=\n2146m',NULL,NULL,NULL,'2025-01-05 07:16:22'),(5879,294,'2024-12-31',1,'139,7 x 168,3\n1366 x 1534\n(2900)','2002-1986','73x114','Paker yığımı-15,3m+2,5″(1049,3m)x 4″(895,29m)x r/s(13m)=1972,89m',NULL,NULL,NULL,NULL,'1960.33','2025-01-05 07:16:22'),(5880,295,'2024-12-31',11,'139,7 x 168,3\n2538 x 502\n(3040)','2749-2650','73x114','2,5″(2175m)x\n4″(456m)xr/s(13m)=2644m','48x73','1,5″(2000m)x\n2,5″(440m)=2440m',NULL,NULL,NULL,'2025-01-05 07:16:22'),(5881,296,'2024-12-31',7,'139,7 x 168,3\n1410 x 1594\n(3004)','2369-2328','73x114','2,5″(1551,86m)x 4″(747m)x p/y(2,14m)x r/s(13m)= 2314m',NULL,NULL,NULL,NULL,'2293.22','2025-01-05 07:16:22'),(5882,297,'2024-12-31',1,'139,7 x 168,3\n1654 x 1456\n(3110)','1997-1982','73x114','2,5″(1030m)x\n4″(927m)xr/s(13m)=1970m',NULL,NULL,NULL,NULL,NULL,'2025-01-05 07:16:22'),(5883,298,'2024-12-31',11,'177,8mm-3012m','2508-2468','73x114','2,5″(442,5m)x\n4″(1983m)xr/s(13m)=2438,5m','73','2,5″=1601 m',NULL,NULL,NULL,'2025-01-05 07:16:22'),(5884,299,'2024-12-31',12,'168,3 x 177,8\n2779 x 230\n(3009)','2825-2789','73x114','2,5″(455m)x\n4″(2309m)xr/s(13m)=2777m','48x73','1,5″(402m)x\n2,5″(2004m)=2406m',NULL,NULL,NULL,'2025-01-05 07:16:22'),(5885,300,'2024-12-31',18,'168,3 x 177,8\n1472 x 1680\n(3152)','3118-3074','73x114','2,5″(1057m)x\n4″(1988m)xr/s(13m)=3058m','48','2,5″=1800m',NULL,NULL,NULL,'2025-01-05 07:16:22'),(5886,301,'2024-12-31',12,'177,8\n3060','2868-2853','73x114','2,5″(643m)x\n4″(2186m)xr/s(13m)=2842m','73','2,5″=1807m',NULL,NULL,NULL,'2025-01-05 07:16:23'),(5887,302,'2024-12-31',7,'177,8\n3100','2623-2588','114','4\"-1687m+r/s-13m=1700m','73','p/y-18,06m+2,5″(123,7m)x\n2,5\"-2532,7m+rr/s-10,6m=2685m,','48','1,5\"-2000m','2674.5','2025-01-05 07:16:23'),(5888,303,'2024-12-31',11,'177,8\n3100','2852-2700.5','114','4\"-1687m+r/s-13m=1700m','73','p/y-18,06m+2,5″(123,7m)x\n2,5\"-2532,7m+rr/s-10,6m=2685m,','48','1,5\"-2000m','2674.5','2025-01-05 07:16:23'),(5889,304,'2024-12-31',7,'168,3 x 177,8\n2581 x 33\n(2614)','2578-2404','73x114','2,5″(2379,23m)x p/y(4,68m)x r/s(13m)=2396,9m',NULL,NULL,NULL,NULL,'2392.23','2025-01-05 07:16:23'),(5890,305,'2024-12-31',1,'168,3 x 177,8\n2522 x 600\n(3122)','2066-2061','73x114','Paker yığımı-7,81m+2,5″(1049,53m)x 4″(975,47m)x r/s(13m)=2045,81m',NULL,NULL,NULL,NULL,'2034.34','2025-01-05 07:16:23'),(5891,306,'2024-12-31',12,'168,3\n3080','2870-2849','73x114','2,5″(443m)+4\"(2382m)+r/s(13m)\n=2838m','48x73','1,5\"(546m)x2,5\"(1854m)=2400m',NULL,NULL,NULL,'2025-01-05 07:16:23'),(5892,307,'2024-12-31',12,'168,3\n3080','2859-2827','73x114','2,5″(650m)x\n4″(2154m)xr/s(13m)=2817m','73','2,5″=1802m',NULL,NULL,NULL,'2025-01-05 07:16:23'),(5893,308,'2024-12-31',11,'146 x 168,3\n1410 x 1695\n(3105)','2803-2718','73x114','2,5″(1158m)x\n4″(1536m)xr/s(14m)=2708m','48x73','1,5″(998m)x\n2,5″(1513m)=2511m',NULL,NULL,NULL,'2025-01-05 07:16:23'),(5894,309,'2024-12-31',12,'139,7 x 168,3\n2299 x 1453\n(3752)','3113-3052','73x114','2,5″(1615m)x\n4″(1382m)xr/s(13m)=3010m','48x73','1,5″(1443m)x\n2,5″(1159m)=2602m',NULL,NULL,NULL,'2025-01-05 07:16:23'),(5895,310,'2024-12-31',11,'139,7 x 168,3\n1848 x 1642\n(3590)','2765-2783','73x114','2,5″(1121m)x\n4″(1589m)xr/s (13m)=2723m','48x73','1,5″(1101m)x\n2,5″(1489m)=2590m',NULL,NULL,NULL,'2025-01-05 07:16:23'),(5896,311,'2024-12-31',11,'139,7 x 168,3\n602 x 2968\n(3570)','3025-2960','73x114','2,5″(1342m)x\n4″(1585m)xr/s (13m)=2940m','48x73','1,5″(1196m)x\n2,5″(1104m)=2300m',NULL,NULL,NULL,'2025-01-05 07:16:23'),(5897,352,'2024-12-31',7,NULL,NULL,NULL,NULL,NULL,NULL,NULL,NULL,NULL,'2025-01-05 07:16:23'),(5898,353,'2024-12-31',NULL,NULL,NULL,NULL,NULL,NULL,NULL,NULL,NULL,NULL,'2025-01-05 07:16:23'),(5899,354,'2024-12-31',NULL,NULL,NULL,NULL,NULL,NULL,NULL,NULL,NULL,NULL,'2025-01-05 07:16:23'),(5900,355,'2024-12-31',NULL,NULL,NULL,NULL,NULL,NULL,NULL,NULL,NULL,NULL,'2025-01-05 07:16:23'),(5901,356,'2024-12-31',NULL,NULL,NULL,NULL,NULL,NULL,NULL,NULL,NULL,NULL,'2025-01-05 07:16:23'),(5902,357,'2024-12-31',NULL,NULL,NULL,NULL,NULL,NULL,NULL,NULL,NULL,NULL,'2025-01-05 07:16:23'),(5903,358,'2024-12-31',NULL,NULL,NULL,NULL,NULL,NULL,NULL,NULL,NULL,NULL,'2025-01-05 07:16:23'),(5904,359,'2024-12-31',NULL,NULL,NULL,NULL,NULL,NULL,NULL,NULL,NULL,NULL,'2025-01-05 07:16:23'),(5905,360,'2024-12-31',NULL,NULL,NULL,NULL,NULL,NULL,NULL,NULL,NULL,NULL,'2025-01-05 07:16:23'),(5906,312,'2024-12-31',18,'168,3-3165','3069-3032','73x114','73mm-1016m+114mm-1999m +r/s-13m=3028m','73','73mm-1506m',NULL,NULL,NULL,'2025-01-05 07:16:24'),(5907,313,'2024-12-31',12,'152.4 x 127\n1650 x 2050\n(3700)','2951-2925','73x114','2,5″(1358m)x\n4″(1514m)xr/s(13m)=2885m','48x73','1,5″(1199m)x\n2,5″(1001m) =2200m',NULL,NULL,NULL,'2025-01-05 07:16:24'),(5908,314,'2024-12-31',19,'140x146x168,3\n308x1596x1706','3356-3225',NULL,NULL,NULL,NULL,NULL,NULL,NULL,'2025-01-05 07:16:24'),(5909,315,'2024-12-31',11,'152.4 x 127\n1613 x 2109\n(37220','3111-3048',NULL,NULL,NULL,NULL,NULL,NULL,NULL,'2025-01-05 07:16:24'),(5910,316,'2024-12-31',18,'152.4 x 127\n1552 x 1653\n(3610)','3066-3051','73x114','2,5″(1561m)x\n4″(1466m)xr/s(13m)=3040m','48x73','1,5″(595m)x\n2,5″(1203m) =1798m',NULL,NULL,NULL,'2025-01-05 07:16:24'),(5911,317,'2024-12-31',19,'152.4 x 127\n1603 x 1592\n(3195)','3051.2-2971','73x114','2,5″(1388m)x\n4″(1558m)xr/s(13m)=2959m','48x73','1,5″(1303m)x\n2,5″(1506m) =2809m',NULL,NULL,NULL,'2025-01-05 07:16:24'),(5912,318,'2024-12-31',22,'152.4 x 127\n1153 x 2212\n(33650','3320-3302','73x114','2,5″(2203m)x    4″(1078m)x r/s(13m) =3294m','73','2,5″=1052m',NULL,NULL,NULL,'2025-01-05 07:16:24'),(5913,319,'2024-12-31',12,'152.4 x 127\n1646 x 1714\n(3360)','2971-2940','73x114','2,5″(1326,81m)x\n4″(1591,27m)xr/s(13m) =2931,08m','48x73','1,5″(997m)x\n2,5″(1505m) =2502m',NULL,NULL,NULL,'2025-01-05 07:16:24'),(5914,320,'2024-12-31',12,'152.4 x 127\n798,9 x 2486 \n(3285)','3066-3033','73x114','2,5″(2305m)x\n4″(703m)xr/s(12m)=3020m','48x73','1,5″(1802m)x\n2,5″(604m) =2406m',NULL,NULL,NULL,'2025-01-05 07:16:24'),(5915,321,'2024-12-31',11,'152.4 x 127\n1603 x 1592\n(3195)','2977-2900','73x114','2,5″(1260m)x\n4″(1620m)xr/s(10m)=2890m','48x73','1,5″(695,4m)x\n2,5″(1503,6m) =2199m',NULL,NULL,NULL,'2025-01-05 07:16:24'),(5916,322,'2024-12-31',11,'152.4 x 127 \n1600 x 1640\n(3240)','2960-2819','73x114','2,5″(1390m)x\n4″(1405m)xr/s(13m)=2808m','48x73','1,5″(1202m)x\n2,5″(1201m) =2403m',NULL,NULL,NULL,'2025-01-05 07:16:24'),(5917,323,'2024-12-31',11,'152.4 x 127\n1600 x 1640\n(3240)','2947-2895','73x114','2,5″(1250m)x\n4″(1528m)xr/s(13m)=2791m','48x73','1,5″(851m)x\n2,5″(954m) =1805m',NULL,NULL,NULL,'2025-01-05 07:16:24'),(5918,324,'2024-12-31',11,'152.4 x 127\n996,3 x 2188\n(3185)','2909-2840','73x114','2,5″(1877m)x\n4″(940m)x r/s(13m) =2830m','48x73','1,5″(1496m)x\n2,5″(706m) =2202m',NULL,NULL,NULL,'2025-01-05 07:16:24'),(5919,325,'2024-12-31',11,'152.4 x 127\n2100 x 2500\n(4600)','3020-3004','73x114','2,5″(1470m)x\n4″(1488m)xr/s(13m)=2971m','48x73','1,5″(805m)x\n2,5″(1297m) =2102m',NULL,NULL,NULL,'2025-01-05 07:16:24'),(5920,326,'2024-12-31',11,'152.4 127\n1597 x 1683\n(3235)','2935-2867','73x114','2,5″(1348m)x\n4″(1489m)xr/s(13m)=2850m','48x73','1,5″(998m)x\n2,5″(909m) =1907m',NULL,NULL,NULL,'2025-01-05 07:16:24'),(5921,327,'2024-12-31',12,'152.4 x 127\n1595 x 1535\n(3130)','2953-2915','73x114','2,5″(1400m)x\n4″(1492m)xr/s(13m)=2905m','48x73','1,5″(698m)x\n2,5″(1357m) =2055m',NULL,NULL,NULL,'2025-01-05 07:16:24'),(5922,328,'2024-12-31',11,'152.4 x 127\n631 x 2710,7\n(3341,7)','3041-3002','73x114','2,5″(1509m)x3\"(898m)\n4″(575m)xr/s(13m)= 2995m','48x73','1,5″(1700m)x\n2,5″(205m)=\n1905m',NULL,NULL,NULL,'2025-01-05 07:16:24'),(5923,329,'2024-12-31',12,'152.4 x 127\n1562,5 x 1729,1 \n(3291,6)','3037-3032',NULL,NULL,NULL,NULL,NULL,NULL,NULL,'2025-01-05 07:16:24'),(5924,330,'2024-12-31',12,'152.4 x 127\n1603 x 1547\n(3150)','2960-2931','73x114','2,5″(1356m)x\n4″(1552m)xr/s(13m)=2921m','48x73','1,5″(805m)x\n2,5″(1302m)=2107m',NULL,NULL,NULL,'2025-01-05 07:16:24'),(5925,331,'2024-12-31',12,'152.4 x 127\n1603 x 1547\n(3150)','2957-2896','73x114','2,5″(876m)x\n4″(1997m)xr/s(13m)=2886m','48x73','1,5″(403m)x\n2,5″(1974m)=2377m',NULL,NULL,NULL,'2025-01-05 07:16:24'),(5926,332,'2024-12-31',11,'177.8 x 152.4\n3219 x 976\n(4195)','3087-3018','73x114','2,5″(306m)x\n4″(2686m)xr/s(13m)=3005m','73','2,5″=2400m',NULL,NULL,NULL,'2025-01-05 07:16:24'),(5927,347,'2024-12-31',NULL,NULL,NULL,NULL,NULL,NULL,NULL,NULL,NULL,NULL,'2025-01-05 07:16:24'),(5928,348,'2024-12-31',NULL,NULL,NULL,NULL,NULL,NULL,NULL,NULL,NULL,NULL,'2025-01-05 07:16:24'),(5929,349,'2024-12-31',NULL,NULL,NULL,NULL,NULL,NULL,NULL,NULL,NULL,NULL,'2025-01-05 07:16:24'),(5930,350,'2024-12-31',NULL,NULL,NULL,NULL,NULL,NULL,NULL,NULL,NULL,NULL,'2025-01-05 07:16:24'),(5931,351,'2024-12-31',NULL,NULL,NULL,NULL,NULL,NULL,NULL,NULL,NULL,NULL,'2025-01-05 07:16:24'),(5932,333,'2024-12-31',7,'139,7 x 168\n1901 x 1709\n(3610)','2379-2375; 2354-2348','73x114','2,5″(662m)x\n4″(1660m)xr/s(13m)=2335m','73','2,5″=1258m',NULL,NULL,NULL,'2025-01-05 07:16:25'),(5933,334,'2024-12-31',11,'177,8\n3112','2816-2812; 2802-2800; 2796-2794; 2786-2783; 2782-2779; 2770-2767; 2760-2757; 2745-2742.','73x114','2,5″(614m)x\n4″(2110m)xr/s(11m)=2735m','73','2,5″=1501m',NULL,NULL,NULL,'2025-01-05 07:16:25'),(5934,335,'2024-12-31',7,'168 x 177,8\n3360 x 300\n(3660)',NULL,NULL,NULL,NULL,NULL,NULL,NULL,NULL,'2025-01-05 07:16:25'),(5935,336,'2024-12-31',18,'139.7 x 146.1 x 168.3 x 168.3\n1193 x 552 x x1304 x 456\n(3505)','2915-2873','73x114','2,5″(1170m)x\n4″(1682m)xr/s(13m)=2865m','73','2,5″=1650m',NULL,NULL,NULL,'2025-01-05 07:16:25'),(5936,337,'2024-12-31',12,'139.7 x 146 x 168\n294 x 1914.57 x 1651.55\n(3860.12)','2825-2820; 2818-2815; 2809-2806; 2802-2800; 2797-2785.','73x114','2,5″(1160m)x\n4″(1605m)xr/s(13m)=2778m','73','2,5″=1589m',NULL,NULL,NULL,'2025-01-05 07:16:25'),(5937,339,'2024-12-31',12,'139.7 x 168.3\n1651 x 2208\n(3859)','2645-2635; 2623-2618','114','4″(1837m)xr/s(13m)=1850m','73','2,5″(105m)x2,5″(2844m)x p/y(18,5m)x =2967,5m',NULL,NULL,NULL,'2025-01-05 07:16:25'),(5938,340,'2024-12-31',22,'168,3\n3366','2684-2675','73x114','2,5″(794m)x    4″(2180m)x r/s(13m)=2987m','73','2,5″=1901m',NULL,NULL,NULL,'2025-01-05 07:16:25'),(5939,341,'2024-12-31',7,'168,3\n2532','3027-2984','114','4″(2378m)xr/s(13m)=2391m','73','2,5″=1554m',NULL,NULL,NULL,'2025-01-05 07:16:25'),(5940,342,'2024-12-31',12,'139.7 x 168.3\n1325 x 1615\n(2940)','2447-2432','73x114','2,5″(1147m)x\n4″(1538m)xr/s(13m)=2698m','73','2,5″=1509m',NULL,NULL,NULL,'2025-01-05 07:16:25'),(5941,343,'2024-12-31',11,'139.7 x 168.3\n1377 x 1698\n(3075)','2441-2349','73x114','2,5″(1098m)x\n4″(1632m)xr/s(13m)=2743m','73','2,5″=1596m',NULL,NULL,NULL,'2025-01-05 07:16:25'),(5942,344,'2024-12-31',11,'139.7 x 168.3\n1554 x 1596\n(3150)','2373-2352','73x114','2,5″(1137m)x\n4″(1581m)xr/s(13m)=2731m','48x73','1,5″(704m)x\n2,5″(1299m)=2003m',NULL,NULL,NULL,'2025-01-05 07:16:25'),(5943,345,'2024-12-31',NULL,NULL,NULL,NULL,NULL,NULL,NULL,NULL,NULL,NULL,'2025-01-05 07:16:25'),(5944,346,'2024-12-31',7,'146x168,3\n1380x1550','2315-2198',NULL,NULL,NULL,NULL,NULL,NULL,NULL,'2025-01-05 07:16:25'),(5945,1,'2024-12-31',12,'139,7 x 168,3\n1638 x 1642\n(3280)','3039-2994','73x114','2,5″(1389m)x\n4″(1586m)xr/s(12m)=2987m','48x73','1,5″(1203m)x\n2,5″(1547,5m)=2750,5m',NULL,NULL,NULL,'2025-01-05 07:16:26'),(5946,2,'2024-12-31',12,'139,7 x 168,3\n1449 x 1801\n(3250)','3021-2986','73x114','2,5″(1281m)x4″(1685m)xr/s (12m)=2978m','48x73','1,5″(1193m)x\n2,5″(1607m)=2800m',NULL,NULL,NULL,'2025-01-05 07:16:26'),(5947,3,'2024-12-31',11,'139,7 x 168,3\n1424 x 1816\n(3240)','2957-2889','73x114','2,5″(1196m)x\n4″(1664m)xr/s(13m)=2873m','48x73','1,5″(1100,5m)x\n2,5″(1568,5m)=2669m',NULL,NULL,NULL,'2025-01-05 07:16:27'),(5948,4,'2024-12-31',12,'139,7 x 168,3\n1625 x 1660\n(3285)','3104-3067','73x114','2,5″(1546m)x\n4″(1496m)xr/s(12m)=3054m','48x73','1,5″(651m)x\n2,5″(1350m)=2001m',NULL,NULL,NULL,'2025-01-05 07:16:27'),(5949,5,'2024-12-31',11,'139,7 x 168,3\n1553 x 1703\n(3256)','2955-2921','73x114','2,5″(1259m)x\n4″(1635m)xr/s(13m)=2907m','48x73','1,5″(1002m)x\n2,5″(1498m)=2500m',NULL,NULL,NULL,'2025-01-05 07:16:27'),(5950,6,'2024-12-31',12,'139,7 x 168,3\n1497 x 1732\n(3229)','2998-2994','73x114','2,5″(1411,73m)x\n4″(1561,82m)xr/s(12m)=2985,55m','48x73','1,5″(500m)x\n2,5″(1504m)=2004m',NULL,NULL,NULL,'2025-01-05 07:16:27'),(5951,7,'2024-12-31',11,'139,7 x 168,3\n1454 x 1754\n(3208)','2917-2872','73x114','2,5″(1161m)x\n4″(1689m)xr/s(13m)=2863m','48x73','1,5″(949m)x\n2,5″(1652m)=2601m',NULL,NULL,NULL,'2025-01-05 07:16:27'),(5952,8,'2024-12-31',11,'139,7 x 168,3\n1671 x 1693\n(3364)','3081-3048','73x114','t.b 2,5″(1445m)x\n4″(1586m)xr/s(12m)=3043m','48x73','1,5″(1303m)x\n2,5″(1541m)=2844m',NULL,NULL,NULL,'2025-01-05 07:16:27'),(5953,9,'2024-12-31',NULL,NULL,NULL,NULL,NULL,NULL,NULL,NULL,NULL,NULL,'2025-01-05 07:16:27'),(5954,10,'2024-12-31',NULL,NULL,NULL,NULL,NULL,NULL,NULL,NULL,NULL,NULL,'2025-01-05 07:16:27'),(5955,11,'2024-12-31',NULL,NULL,NULL,NULL,NULL,NULL,NULL,NULL,NULL,NULL,'2025-01-05 07:16:27'),(5956,12,'2024-12-31',NULL,NULL,NULL,NULL,NULL,NULL,NULL,NULL,NULL,NULL,'2025-01-05 07:16:27'),(5957,13,'2024-12-31',NULL,NULL,NULL,NULL,NULL,NULL,NULL,NULL,NULL,NULL,'2025-01-05 07:16:27'),(5958,14,'2024-12-31',11,'139,7x168,3\n1342x1608  (2950)','2662-2623','73x114','2,5″(1083,96m)x\n4″(1507m)xr/s(13m)=2604m','48x73','1,5″(500,7m)x\n2,5″(1199,3m)=1700m',NULL,NULL,NULL,'2025-01-05 07:16:28'),(5959,15,'2024-12-31',11,'139,7x168,3\n2239x1606  (3845)','2865-2820',NULL,NULL,NULL,NULL,NULL,NULL,NULL,'2025-01-05 07:16:28'),(5960,16,'2024-12-31',12,'139,7x168,3\n1427x1573  (3000)','2775-2769','73X114','2,5″(1248m)x\n4″(1503m)xr/s(13m)=2764m','48x73','1,5″(1146m)x\n2,5″(1402m)=2548m',NULL,NULL,NULL,'2025-01-05 07:16:28'),(5961,17,'2024-12-31',7,'139,7x146x168,3\n349x849x1642','2377-2317','73x114','2,5″(759,8m)x 4″(1534,73m)x r/s(13m)=2307,5m','73','2,5″=1500m',NULL,NULL,'1500','2025-01-05 07:16:28'),(5962,18,'2024-12-31',7,'139,7x146x168,3\n336x940x1594','2318-2263','73x114','2,5″(701,44m)x 4″(1482,7m)x r/s(13m)=2197,1m','73','2,5″=1200m',NULL,NULL,'1200','2025-01-05 07:16:28'),(5963,19,'2024-12-31',7,'139,7x168,3\n1510x1486','2291-2234','73x114','2,5″(1076m)x 4″(1121,81m)xp/y(8,19m) r/s(13m)=2219m',NULL,NULL,NULL,NULL,'2215.94','2025-01-05 07:16:28'),(5964,20,'2024-12-31',12,'139,7x168,3\n1268x1683  (2951)','2710-2701','73X114','2,5″(1107m)x\n4″(1569m)xr/s(13m)=2689m','48x73','1,5″(797m)x\n2,5″(1401m)=2198m',NULL,NULL,NULL,'2025-01-05 07:16:28'),(5965,21,'2024-12-31',7,'139,7x168,3\n1281x1594  (2875)','2299-2266','73x114x3\"','2,5″(1028,1m)x 4″(1055,44m)x 3″(150,21m)x p/y(9,41)x r/s(13m)=2256,16m',NULL,NULL,NULL,NULL,'2235','2025-01-05 07:16:28'),(5966,22,'2024-12-31',7,'139,7x168,3\n1337x1593  (1930)','2321-2293',NULL,NULL,NULL,NULL,NULL,NULL,NULL,'2025-01-05 07:16:28'),(5967,23,'2024-12-31',11,'139,7x168,3\n1515x1635','2785-2756',NULL,NULL,NULL,NULL,NULL,NULL,NULL,'2025-01-05 07:16:28'),(5968,24,'2024-12-31',11,'139,7x146x168,3\n813x670x1597','2756-2700','73x114','2,5″(1140m)x\n4″(1535,5m)xr/s(12m)=2687,5m','48x73','1,5″(649,5m)x\n2,5″(1347,5m)=1997m',NULL,NULL,NULL,'2025-01-05 07:16:28'),(5969,25,'2024-12-31',11,'139,7x168,3= 1268,14x1682,93','2763-2706','73x114','2,5″(1052m)x\n4″(1628m)xr/s(13m)=2693m','48x73','1,5″(1096m)x\n2,5″(1490m)=2586m',NULL,NULL,NULL,'2025-01-05 07:16:28'),(5970,26,'2024-12-31',11,'139,7x168,3\n1629x1605  (3234)','2851-2821','73x114','2,5″(1256m)x\n4″(1541m)xr/s(13m)=2810m','73','2,5″=1496m',NULL,NULL,NULL,'2025-01-05 07:16:28'),(5971,27,'2024-12-31',11,'139,7x168,3\n1378x1622  (3000)','2737-2693','73x114','2,5″(1100m)x\n4″(1570m)xr/s(13m)=2683m','48x73','1,5″(1103m)x\n2,5″(1395m)=2498m',NULL,NULL,NULL,'2025-01-05 07:16:28'),(5972,28,'2024-12-31',NULL,'139,7x168,3\n1362x1553  (2915)','2678-2657','73x114','2,5″(1156m)x\n4″(1480m)xr/s(13m)=2649m','48x73','1,5″(1003m)x\n2,5″(1397m)=2400m',NULL,NULL,NULL,'2025-01-05 07:16:28'),(5973,361,'2024-12-31',NULL,NULL,NULL,NULL,NULL,NULL,NULL,NULL,NULL,NULL,'2025-01-05 07:16:28'),(5974,362,'2024-12-31',NULL,NULL,NULL,NULL,NULL,NULL,NULL,NULL,NULL,NULL,'2025-01-05 07:16:28'),(5975,363,'2024-12-31',NULL,NULL,NULL,NULL,NULL,NULL,NULL,NULL,NULL,NULL,'2025-01-05 07:16:28'),(5976,364,'2024-12-31',NULL,NULL,NULL,NULL,NULL,NULL,NULL,NULL,NULL,NULL,'2025-01-05 07:16:28'),(5977,365,'2024-12-31',NULL,NULL,NULL,NULL,NULL,NULL,NULL,NULL,NULL,NULL,'2025-01-05 07:16:28'),(5978,366,'2024-12-31',NULL,NULL,NULL,NULL,NULL,NULL,NULL,NULL,NULL,NULL,'2025-01-05 07:16:28'),(5979,367,'2024-12-31',NULL,NULL,NULL,NULL,NULL,NULL,NULL,NULL,NULL,NULL,'2025-01-05 07:16:28'),(5980,368,'2024-12-31',NULL,NULL,NULL,NULL,NULL,NULL,NULL,NULL,NULL,NULL,'2025-01-05 07:16:28'),(5981,369,'2024-12-31',NULL,NULL,NULL,NULL,NULL,NULL,NULL,NULL,NULL,NULL,'2025-01-05 07:16:28'),(5982,29,'2024-12-31',22,'139,7 x 168,3\n1803 x 1647\n(3450)','3381-3364','73x114','2,5″(1900m)x 4″(1433m)x r/s(13m)=3346m','48x73','1,5″(2191m)x\n2,5″(1109m)=3300m',NULL,NULL,NULL,'2025-01-05 07:16:29'),(5983,30,'2024-12-31',12,'139,7 x 168,3\n1950 x 1650\n(3600)','3321-3311','73x114','2,5″(1820m)x\n4″(1464m)xr/s(13m)=3297m','48x73','1,5″(792m)x\n2,5″(1362m)=2154m',NULL,NULL,NULL,'2025-01-05 07:16:29'),(5984,31,'2024-12-31',18,'139,7 x 168,3\n2104 x 1589\n(3693)','3453-3439','73x114','2,5″(1993m)x\n4″(1512m)xr/s(13m)=3518m','73','2,5″=1466m',NULL,NULL,NULL,'2025-01-05 07:16:29'),(5985,32,'2024-12-31',18,'139,7x168,3=\n2400x1065','3312-3234','73x114','2,5″(2223m)x\n4″(1000m)xr/s(13m)=3236m','73','2,5″=950m',NULL,NULL,NULL,'2025-01-05 07:16:29'),(5986,33,'2024-12-31',12,'89x139,7x 168,3=\n693x2198x 839','3169-3093','2\"x73x114','2,0″(648m)x2,5″(1680m) x4″(744m)r/s(12m)=3084m','48x73','1,5″(1554m)x\n2,5″(651m)=2205m',NULL,NULL,NULL,'2025-01-05 07:16:29'),(5987,34,'2024-12-31',12,'139,7 x 168,3           \n1852 x 1562\n(3414)','3183-3169,5','73x114','2,5″(1660m)x\n4″(1484m)xr/s(13m)=3157m','48x73','1,5″(1150m)x\n2,5″(1450m)=2600m',NULL,NULL,NULL,'2025-01-05 07:16:29'),(5988,35,'2024-12-31',12,'139,7x168,3           \n1553x1628\n(3181)','3148-3084','73x3\"','2,5″(1870m)x3″(1148m) xp/y(38m)xr/s(12m)=3068m','MDK','MDK=1931m',NULL,NULL,'3057','2025-01-05 07:16:29'),(5989,36,'2024-12-31',11,'139,7 x 168,3          \n2457 x 793\n(3250)','2974-2910','73x114','2,5″(2202m)x\n4″(687m)xr/s(12m)=2901m','48x73','1,5″(1550m)x\n2,5″(504m)=2054m',NULL,NULL,NULL,'2025-01-05 07:16:29'),(5990,37,'2024-12-31',12,'139,7x168,3    1672x1503             (3175)','3105-3052','73x114','2,5″(1577m)x\n4″(1447m)xr/s(13m)=3037m','48x73','1,5″(1499m)x\n2,5″(1248m)=2747m',NULL,NULL,NULL,'2025-01-05 07:16:29'),(5991,38,'2024-12-31',11,'139,7x168,3    1616x1504             (3120)','2933-2907','73x114','2,5″(1431m)x\n4″(1449m)xr/s(13m)=2893m','48x73','1,5″(1004m)x\n2,5″(1201m)=2205m',NULL,NULL,NULL,'2025-01-05 07:16:29'),(5992,39,'2024-12-31',NULL,NULL,NULL,NULL,NULL,NULL,NULL,NULL,NULL,NULL,'2025-01-05 07:16:29'),(5993,40,'2024-12-31',NULL,NULL,NULL,NULL,NULL,NULL,NULL,NULL,NULL,NULL,'2025-01-05 07:16:29'),(5994,41,'2024-12-31',NULL,NULL,NULL,NULL,NULL,NULL,NULL,NULL,NULL,NULL,'2025-01-05 07:16:29'),(5995,42,'2024-12-31',NULL,NULL,NULL,NULL,NULL,NULL,NULL,NULL,NULL,NULL,'2025-01-05 07:16:29'),(5996,43,'2024-12-31',NULL,NULL,NULL,NULL,NULL,NULL,NULL,NULL,NULL,NULL,'2025-01-05 07:16:29'),(5997,44,'2024-12-31',NULL,NULL,NULL,NULL,NULL,NULL,NULL,NULL,NULL,NULL,'2025-01-05 07:16:29'),(5998,45,'2024-12-31',NULL,NULL,NULL,NULL,NULL,NULL,NULL,NULL,NULL,NULL,'2025-01-05 07:16:29'),(5999,46,'2024-12-31',NULL,NULL,NULL,NULL,NULL,NULL,NULL,NULL,NULL,NULL,'2025-01-05 07:16:29'),(6000,47,'2024-12-31',NULL,NULL,NULL,NULL,NULL,NULL,NULL,NULL,NULL,NULL,'2025-01-05 07:16:29'),(6001,48,'2024-12-31',NULL,NULL,NULL,NULL,NULL,NULL,NULL,NULL,NULL,NULL,'2025-01-05 07:16:29'),(6002,49,'2024-12-31',12,'139,7x168,3\n2216x1614','3111-3063','73x114','2,5″(1603m)x\n4″(1436m)xr/s(13m)=3052m','48x73','1,5″(1446m)x\n2,5″(1354m)=2800m',NULL,NULL,NULL,'2025-01-05 07:16:30'),(6003,50,'2024-12-31',18,'139,7x168,3\n2166x1341','3146-3084','73x114','73mm-1690+114mm-1265 +13m=2968m','73','73mm-1248m',NULL,NULL,NULL,'2025-01-05 07:16:30'),(6004,51,'2024-12-31',12,'139,7x168,3\n2156x1650','3373-3346','73x114','73mm1784+114mm-1540 +13m=3337m','73','73mm-1508m',NULL,NULL,NULL,'2025-01-05 07:16:30'),(6005,52,'2024-12-31',11,'139,7x168,3\n1632x1458m','2889-2826','73x114','2,5″(1469m)x\n4″(1338m)xr/s(13m)=2820m','48x73','1,5″(800m)x\n2,5″(1008m)=1808m',NULL,NULL,NULL,'2025-01-05 07:16:30'),(6006,53,'2024-12-31',19,'140x146x 168,3\n315x1609x 1746','2968-2956   2930-2883','73x114','2,5″(1265m)x\n4″(1597m)xr/s(13m)=2875m','48x73','1,5″(1098m)x\n2,5″(1304m)=2403m',NULL,NULL,NULL,'2025-01-05 07:16:30'),(6007,54,'2024-12-31',11,'139,7x168,3\n2170x1434','3000-2940','73x114','2,5″(1555m)x\n4″(1362m)xr/s(13m)=2930m','48x73','1,5″(1395m)x\n2,5″(1006m)=2401m',NULL,NULL,NULL,'2025-01-05 07:16:30'),(6008,55,'2024-12-31',11,'139,7x168,3\n1600x1450','2880-2787','73x114','2,5″(1457m)x\n4″(1311m)xr/s(13m)=2781m','48x73','1,5″(1200m)x\n2,5″(1195m)=2395m',NULL,NULL,NULL,'2025-01-05 07:16:30'),(6009,56,'2024-12-31',11,'139,7x168,3\n1610x1600','2960-2835','73x114','2,5″(1265m)x\n4″(1548m)xr/s(13m)=2826m','48x73','1,5″(693m)x\n2,5″(1306m)=1999 m',NULL,NULL,NULL,'2025-01-05 07:16:30'),(6010,57,'2024-12-31',11,'139,7x168,3\n1421x1829','2896-2803','73x114','2,5″(1428m)x\n4″(1348m)xr/s(13m)=2789m','48x73','1,5″(1300m)x\n2,5″(1215m)=2515m',NULL,NULL,NULL,'2025-01-05 07:16:30'),(6011,58,'2024-12-31',11,'139,7x168,3\n2150x1120','2938-2861','73x114','2,5″(1804m)x\n4″(1000m)xr/s(13m)=2817m','48x73','1,5″(1506m)x\n2,5″(897m)=2403m',NULL,NULL,NULL,'2025-01-05 07:16:30'),(6012,59,'2024-12-31',11,'139,7x168,3\n2210x1238','3092-3033','73x114','2,5″(1872m)x\n4″(1138m)xr/s(13m)=3023m','48x73','1,5″(1506m)x\n2,5″(897m)=2403m',NULL,NULL,NULL,'2025-01-05 07:16:30'),(6013,60,'2024-12-31',11,'139,7x168,3\n1793x1620','2959-2900','73x114','2,5″(1305m)x\n4″(1572m)xr/s(13m)=2890m','48x73','1,5″(1195m)x\n2,5″(1107m)=2302m',NULL,NULL,NULL,'2025-01-05 07:16:30'),(6014,61,'2024-12-31',11,'139,7x146x168,3\n470x1877x 1625','3048,5-2918','73x114','2,5″(1457m)x\n4″(1439m)xr/s(13m)=2909m','48x73','1,5″(1300m)x\n2,5″(1406m)=2706m',NULL,NULL,NULL,'2025-01-05 07:16:30'),(6015,62,'2024-12-31',19,'139.7 x 146 x 168,3 \n374 x 1451 x 1505\n(3330)','2995-2920','73x114','2,5″(1453m)x\n4″(1446m)xr/s(13m)=2912m','48x73','1,5″(1109m)x\n2,5″(1294m)=2403m',NULL,NULL,NULL,'2025-01-05 07:16:31'),(6016,63,'2024-12-31',18,'177,8 \n3150','2965-2951','73x114','2,5″(797m)x\n4″(2131m)xr/s(14m)=2942m','73','2,5″(1901m)=1901m',NULL,NULL,NULL,'2025-01-05 07:16:31'),(6017,64,'2024-12-31',18,'177,8  \n 3150','3024-3004','73x114','2,5″(600m)x\n4″(2380m)xr/s(13m)=2993m','73','2,5″ = 1703m',NULL,NULL,NULL,'2025-01-05 07:16:31'),(6018,65,'2024-12-31',18,'177,8 \n3200','3042-3029','73x114','2,5″(816m)x\n4″(2185m)xr/s(14m)=3015m','73','2,5″(1707m)=1707m',NULL,NULL,NULL,'2025-01-05 07:16:31'),(6019,66,'2024-12-31',18,'177,8 \n3220','3151-3143','73x114','2,5″(929m)x\n4″(2187m)xr/s(14m)=3130m','73','2,5″(1598m)=1598m',NULL,NULL,NULL,'2025-01-05 07:16:31'),(6020,67,'2024-12-31',18,'177,8  \n3155','3065-2998','73x114','2,5″(579m)x\n4″(2388m)xr/s(13m)=2980m','73','2,5″=1808m',NULL,NULL,NULL,'2025-01-05 07:16:31'),(6021,68,'2024-12-31',18,'177,8 \n3120','2979-2972','73x114','2,5″(760m)x\n4″(2190m)xr/s(14m)=2964m','73','2,5″=2154m',NULL,NULL,NULL,'2025-01-05 07:16:31'),(6022,69,'2024-12-31',18,'177,8x193,2 992x2158','3044-3025','73x114','2,5″(851m)x\n4″(2148m)xr/s(14m)=3013m','73','2,5″=1597m',NULL,NULL,NULL,'2025-01-05 07:16:31'),(6023,70,'2024-12-31',18,'177,8x193,2 992x2158','3170-3165','73x114','2,5″(750m)x\n4″(2388m)xr/s(14m)=3152m','73','2,5″=2203m',NULL,NULL,NULL,'2025-01-05 07:16:31'),(6024,71,'2024-12-31',12,'177,8-3250','3114-3085','73x114','2,5″(675m)x\n4″(2383m)xr/s(14m)=3072m','48x73','1,5″(655m)x\n2,5″(1689m)=2344m',NULL,NULL,NULL,'2025-01-05 07:16:31'),(6025,72,'2024-12-31',12,'6x7\"= 632+2748','3210-3175','73x114','2,5″(750m)x\n4″(2402m)xr/s(13m)=3165m','73','2,5″=2345m',NULL,NULL,NULL,'2025-01-05 07:16:31'),(6026,73,'2024-12-31',NULL,NULL,NULL,NULL,NULL,NULL,NULL,NULL,NULL,NULL,'2025-01-05 07:16:31'),(6027,74,'2024-12-31',NULL,NULL,NULL,NULL,NULL,NULL,NULL,NULL,NULL,NULL,'2025-01-05 07:16:31'),(6028,75,'2024-12-31',NULL,NULL,NULL,NULL,NULL,NULL,NULL,NULL,NULL,NULL,'2025-01-05 07:16:31'),(6029,76,'2024-12-31',NULL,NULL,NULL,NULL,NULL,NULL,NULL,NULL,NULL,NULL,'2025-01-05 07:16:31'),(6030,77,'2024-12-31',NULL,NULL,NULL,NULL,NULL,NULL,NULL,NULL,NULL,NULL,'2025-01-05 07:16:31'),(6031,78,'2024-12-31',NULL,NULL,NULL,NULL,NULL,NULL,NULL,NULL,NULL,NULL,'2025-01-05 07:16:31'),(6032,79,'2024-12-31',NULL,NULL,NULL,NULL,NULL,NULL,NULL,NULL,NULL,NULL,'2025-01-05 07:16:31'),(6033,80,'2024-12-31',NULL,NULL,NULL,NULL,NULL,NULL,NULL,NULL,NULL,NULL,'2025-01-05 07:16:31'),(6034,81,'2024-12-31',12,'168,3 x 177,8\n3760','2977-2972','73x114','2,5″(558m)x\n4″(2390m)xr/s(13m)=2961m','48x73','2796','1,5\"(500m)x\n2,5″=2296m==2796m',NULL,NULL,'2025-01-05 07:16:32'),(6035,82,'2024-12-31',12,'168,3 x 177,8\n3812','3016-3005','73x114','2,5″(590m)x\n4″(2387m)xr/s(13m)=2990m','73','2199','2,5″=2199m',NULL,NULL,'2025-01-05 07:16:32'),(6036,83,'2024-12-31',11,'168,3 x 177,8\n3821','3002-2917',NULL,NULL,NULL,NULL,NULL,NULL,NULL,'2025-01-05 07:16:32'),(6037,84,'2024-12-31',12,'168,3x177,8\n3590x37','2892-2873','73x114','2,5″(564m)x\n4″(2289m)xr/s(10m)=2863m','73','1905','2,5″=1905m',NULL,NULL,'2025-01-05 07:16:32'),(6038,85,'2024-12-31',11,'139,7x146x168,3\n804x643x1646','2846-2820','73x114','2,5″(1310m)x\n4″(1488m)xr/s(13m)=2811m','48x73','2101','1,5″(801m)x\n2,5″(1300m)=\n2101m',NULL,NULL,'2025-01-05 07:16:32'),(6039,86,'2024-12-31',11,'139,7x168,3\n1426x1594m','2784-2761','73x114','2,5″(1248m)x\n4″(1489m)xr/s(13m)=2750m','48x73','2396','1,5″(1000m)x\n2,5″(1396m)=\n2396m',NULL,NULL,'2025-01-05 07:16:32'),(6040,87,'2024-12-31',11,'139,7x168,3\n1533x1617m','2820-2772','73x114','2,5″(1211m)x\n4″(1539m)xr/s(13m)=2763m','48x73','2175','1,5″(799m)x\n2,5″(1406m)=2205m',NULL,NULL,'2025-01-05 07:16:32'),(6041,88,'2024-12-31',11,'139,7-1393,46m 146-145,71m 168,3-1598,73m','2845-2761','73x114','2,5″(1205m)x\n4″(1528m)xr/s(13m)=2746m','73','1502','2,5″=1502m',NULL,NULL,'2025-01-05 07:16:32'),(6042,89,'2024-12-31',11,'139,7x168,3\n1398x1602','2834-2786','73x114','2,5″(1277m)x\n4″(1479m)xr/s(13m)=2769m','48x73','2495','1,5″(1049m)x\n2,5″(1446m)=2495m',NULL,NULL,'2025-01-05 07:16:32'),(6043,90,'2024-12-31',11,'168,3-3650m 177,8-50m','2898-2799','73x114','2,5″(391m)x\n4″(2382m)xr/s(13m)= 2786m','73','2005','2,5″=2005m',NULL,NULL,'2025-01-05 07:16:32'),(6044,91,'2024-12-31',NULL,NULL,NULL,NULL,NULL,NULL,NULL,NULL,NULL,NULL,'2025-01-05 07:16:32'),(6045,92,'2024-12-31',NULL,NULL,NULL,NULL,NULL,NULL,NULL,NULL,NULL,NULL,'2025-01-05 07:16:32'),(6046,93,'2024-12-31',NULL,NULL,NULL,NULL,NULL,NULL,NULL,NULL,NULL,NULL,'2025-01-05 07:16:32'),(6047,94,'2024-12-31',NULL,NULL,NULL,NULL,NULL,NULL,NULL,NULL,NULL,NULL,'2025-01-05 07:16:32'),(6048,95,'2024-12-31',NULL,NULL,NULL,NULL,NULL,NULL,NULL,NULL,NULL,NULL,'2025-01-05 07:16:32'),(6049,96,'2024-12-31',NULL,NULL,NULL,NULL,NULL,NULL,NULL,NULL,NULL,NULL,'2025-01-05 07:16:32'),(6050,97,'2024-12-31',NULL,NULL,NULL,NULL,NULL,NULL,NULL,NULL,NULL,NULL,'2025-01-05 07:16:32'),(6051,98,'2024-12-31',NULL,NULL,NULL,NULL,NULL,NULL,NULL,NULL,NULL,NULL,'2025-01-05 07:16:32'),(6052,99,'2024-12-31',NULL,NULL,NULL,NULL,NULL,NULL,NULL,NULL,NULL,NULL,'2025-01-05 07:16:32'),(6053,100,'2024-12-31',NULL,NULL,NULL,NULL,NULL,NULL,NULL,NULL,NULL,NULL,'2025-01-05 07:16:32'),(6054,101,'2024-12-31',NULL,NULL,NULL,NULL,NULL,NULL,NULL,NULL,NULL,NULL,'2025-01-05 07:16:32'),(6055,102,'2024-12-31',22,'139,7x168,3\n1338x2500','3095-3070','114','4″(1900m) =1900m',NULL,'11m+16/149m(TMK)+ 2877m+13m=3050m','48','1,5\"=2204m',NULL,'2025-01-05 07:16:33'),(6056,103,'2024-12-31',7,'139,7x168,3\n1338x2500m','2441-2408','114','4″(1900m) =1900m',NULL,'11m+16/149m(TMK)+ 2877m+13m=3050m','48','1,5\"=2204m',NULL,'2025-01-05 07:16:33'),(6057,104,'2024-12-31',18,'139,7x168,3\n1400x2750','2766-2719','73x114','2,5″(314m)x\n4″(2378m)xr/s (18m)=2710m','73','2,5″=1450m',NULL,NULL,NULL,'2025-01-05 07:16:33'),(6058,105,'2024-12-31',18,'168,3\n2811','2666-2658','73x114','2,5″(651m)x\n4″(1980m)xr/s (19m)=2650m','73','2,5″=1498m',NULL,NULL,NULL,'2025-01-05 07:16:33'),(6059,106,'2024-12-31',18,'168,3\n2848','2763-2733','73x114','2,5″(610m)x\n4″(2101m)xr/s (18m)=2729m','73','2,5″=1597m',NULL,NULL,NULL,'2025-01-05 07:16:33'),(6060,107,'2024-12-31',12,'168,3\n2896','2684-2675','73x114','2,5″(566m)x\n4″(2076m)xr/s (18m)=2660m','73','2,5″=1998m',NULL,NULL,NULL,'2025-01-05 07:16:33'),(6061,108,'2024-12-31',18,'168,3\n3069','3027-2984','73x114','2,5″(908m)x\n4″(2048m)xr/s (16m)=2972m','73','2,5″=1506 m',NULL,NULL,NULL,'2025-01-05 07:16:33'),(6062,109,'2024-12-31',1,'168,3\n2950','2041-1900','73x114','Paker yığımı-8,18m+ 2,5″(1003,10m)x 4″(853m)x r/s(21m) =1885,28m',NULL,NULL,NULL,NULL,'1873.5','2025-01-05 07:16:33'),(6063,110,'2024-12-31',7,'168,3\n2950','2447-2432','73x114','2,5″(424m)x\n4″(1982m)xr/s (15m)=2421m','73','2,5″=1500m',NULL,NULL,NULL,'2025-01-05 07:16:33'),(6064,111,'2024-12-31',18,'168,3\n2820,5','2762-2722','73x114','2,5″(696m)x\n4″(1991m)xr/s (18m)=2705m','73','2,5″=1502m',NULL,NULL,NULL,'2025-01-05 07:16:33'),(6065,112,'2024-12-31',11,'168,3-2796m','2536-2505',NULL,NULL,NULL,NULL,NULL,NULL,'2485.56','2025-01-05 07:16:33'),(6066,113,'2024-12-31',7,'168,3\n2796','2441-2349','114','4\"(2312m)xr/s (18m)=2330m','73','2,5″=1360,5m',NULL,NULL,NULL,'2025-01-05 07:16:33'),(6067,114,'2024-12-31',7,'168,3\n2786','2373-2352','73x114','2,5″(336m)x\n4″(1986m)xr/s (16m)=2338m','73','2,5″=1499m',NULL,NULL,NULL,'2025-01-05 07:16:33'),(6068,115,'2024-12-31',11,'168,3\n2938','2650-2615','73x114','2,5″(600m)x\n4″(1989m)xr/s (15m)=2604m','73','2,5″=1953m',NULL,NULL,NULL,'2025-01-05 07:16:33'),(6069,116,'2024-12-31',12,'168,3\n2752','2680-2658','73x114','2,5″(348m)x\n4″(2275m)xr/s (22m)=2645m','73','2,5″=2004 m',NULL,NULL,NULL,'2025-01-05 07:16:33'),(6070,117,'2024-12-31',12,'168,3\n2829','2630-2590\n2415-2325','73x114','2,5″(615m)x\n4″(1684m)xr/s (13m)=2312m','73','2,5″=1504m',NULL,NULL,NULL,'2025-01-05 07:16:33'),(6071,118,'2024-12-31',12,'168,3\n2669','2626-2595','73x114','2,5″(550m)x\n4″(2018m)xr/s (18m)=2586m','73','2,5″=1503 m',NULL,NULL,NULL,'2025-01-05 07:16:33'),(6072,119,'2024-12-31',12,'168,3\n2739','2692-2653','73x114','2,5″(624m)x\n4″(2003m)xr/s (16m)=2643m','73','2,5″=1502 m',NULL,NULL,NULL,'2025-01-05 07:16:33'),(6073,120,'2024-12-31',7,'168,3\n2711','2389-2322','114','4″(2296m)  xr/s(14m) =2310m','73','2,5″=1403m',NULL,NULL,NULL,'2025-01-05 07:16:33'),(6074,121,'2024-12-31',12,'168,3\n2659','2579-2549','114','4\"-1900m','73','2,5\"-2352m+2,5″(TMK)-153m=2505m','1\"x48mm','III sıra 1\"(502) +1,5\"(1798)=2300m',NULL,'2025-01-05 07:16:33'),(6075,122,'2024-12-31',7,'168,3\n2659','2415-2326','114','4\"-1900m','73','2,5\"-2352m+2,5″(TMK)-153m=2505m','1\"x48mm','III sıra 1\"(502) +1,5\"(1798)=2300m',NULL,'2025-01-05 07:16:33'),(6076,123,'2024-12-31',11,'168,3-3008m','2910-2845',NULL,NULL,NULL,NULL,NULL,NULL,'2833.34','2025-01-05 07:16:33'),(6077,124,'2024-12-31',11,'168,3-3008m','2815-2737','73x114','2,5″(735m)x\n4″(1975)xr/s (13m)=2723m','48X73','1,5″(554m)x2,5″ (1897m) = 2451m',NULL,NULL,NULL,'2025-01-05 07:16:33'),(6078,125,'2024-12-31',12,'168,3-2978m','2944-2928','73x114','2,5″(903m)x\n4″(1997m)xr/s (17m)=2917m','73','2,5″=1947m',NULL,NULL,NULL,'2025-01-05 07:16:33'),(6079,126,'2024-12-31',18,'177,8-3057m','2980-2949','114','4″ - 2402m.','73','p/y(6,30m)+2,5\"(2903,95m) x r/s(19,90m) =2930,15m','48','1,5\"=1800m','2918','2025-01-05 07:16:33'),(6080,127,'2024-12-31',12,'177,8-3057m','2896-2846','114','4″ - 2402m.','73','p/y(6,30m)+2,5\"(2903,95m) x r/s(19,90m) =2930,15m','48','1,5\"=1800m','2918','2025-01-05 07:16:33'),(6081,128,'2024-12-31',7,'168,3\n3420','3334-3281','73x114','2,5″(803m)x\n4″(2070m)xr/s (21m)=2894m','73','2,5″=1600m',NULL,NULL,NULL,'2025-01-05 07:16:33'),(6082,129,'2024-12-31',12,'168,3-2786m','2725-2630','73x114','2,5″(612m)x\n4″(1986m)xr/s(21m)=2619m','73','2,5″=1801m',NULL,NULL,NULL,'2025-01-05 07:16:33'),(6083,130,'2024-12-31',18,'177,8\n2923,36','2889-2844','73x114','2,5″(798m)x\n4″(2012m)xr/s(21m)=2831m','73','2,5″=1604m',NULL,NULL,NULL,'2025-01-05 07:16:33'),(6084,131,'2024-12-31',18,'168,3-2998m','2914-2843','114','4\"-239/2184m+13m(r/s)=2197m','73','P/y-14.57m+2.5”-9/84m(TMK)+ 2.5”-112/1011m(C) +2.5”-177/1704m (P)+12.8m(r/s)=2826,37m','48','1,5\"-1996m','2918.9','2025-01-05 07:16:33'),(6085,132,'2024-12-31',7,'168,3-2998m','2493-2473','114','4\"-2197m.','73','P/y-14.57m+2.5”-9/84m(TMK)+ 2.5”-112/1011m(C) +2.5”-177/1704m (P)+12.8m(r/s)=2826,37m','48','1,5\"-1996m','2918.9','2025-01-05 07:16:33'),(6086,133,'2024-12-31',18,'139,7x168,3\n1311x1589','2847-2792',NULL,NULL,NULL,NULL,NULL,NULL,NULL,'2025-01-05 07:16:34'),(6087,134,'2024-12-31',18,'168,3\n3400','2988-2961',NULL,NULL,NULL,NULL,NULL,NULL,NULL,'2025-01-05 07:16:35'),(6088,135,'2024-12-31',18,'168,3                                3400','2943-2891','73x114','2,5″(582,3m)x\n4″(2284,5m)xr/s (9,2m)=2876m','73','2,5″ - 1600m',NULL,NULL,NULL,'2025-01-05 07:16:35'),(6089,136,'2024-12-31',18,'114,3 x 168,3 \n1441 x 1542\n(2983)','2946-2938','73x114','2,5″(1419m)x\n4″(1488m)xr/s (13m)=2925m','73','2,5″=1432m',NULL,NULL,NULL,'2025-01-05 07:16:35'),(6090,137,'2024-12-31',18,'139,7x168,3\n1124x2026','2945-2895','73x114','2,5″(872m)x\n4″(1985m)xr/s (17m)=2874m','48x73','1,5″(300m)x\n2,5″(1904m)=\n2204m',NULL,NULL,NULL,'2025-01-05 07:16:35'),(6091,138,'2024-12-31',11,'139,7x146x168,3\n1842x310x1598','2852-2832','73x114','2,5″(1269m)x\n4″(1535m)xr/s (16m)=2820m','73','2,5″=1501m',NULL,NULL,NULL,'2025-01-05 07:16:35'),(6092,139,'2024-12-31',7,'168,3\n2610','2267-2225',NULL,NULL,NULL,NULL,NULL,NULL,NULL,'2025-01-05 07:16:35'),(6093,140,'2024-12-31',18,'168,3\n2852','2823-2784','73x114','2,5″(875m)x\n4″(1889m)xr/s (13m)=2777m','73','2,5″=1700m',NULL,NULL,NULL,'2025-01-05 07:16:35'),(6094,141,'2024-12-31',7,'168,3\n2732','2433-2425','73x114','2,5″(609m)x\n4″(1790m)xr/s (13m)=2412m','73','2,5″=1355m',NULL,NULL,NULL,'2025-01-05 07:16:35'),(6095,142,'2024-12-31',7,'168,3\n2926','2430-2406','73x114','2,5″(398m)x\n4″(1987m)xr/s (13m)=2398m','73','2,5″=1506m',NULL,NULL,NULL,'2025-01-05 07:16:35'),(6096,143,'2024-12-31',18,'139,7x168,3\n1639x1411','3007-2964','73x114','2,5″(873m)x4″ (1557,3m)+6,3m qısa boru+r/s(15,1m)=2451,7m+2,5″ (480m)+2″-9,6m+p/y18,7m=2960m','73','2,5″=1299m,',NULL,NULL,'2949','2025-01-05 07:16:35'),(6097,144,'2024-12-31',18,'168,3\n2975','2932-2895','73x114','2,5″(890m)x\n4″(1988m)xr/s (13m)=2891m','73','2,5″=1506m',NULL,NULL,NULL,'2025-01-05 07:16:35'),(6098,145,'2024-12-31',11,'139,7x146x168,3\n983x1016x1206','2721-2660','73x114','2,5″(751m)x\n4″(1883m)xr/s (18m)=2652m','73','2,5″=1502m',NULL,NULL,NULL,'2025-01-05 07:16:35'),(6099,147,'2024-12-31',12,'139,7x168,3\n1241x1575','2767-2700','60x73x89','2,0″(37,55m)x\n2,5″(1254m)x3″(1371m)r/s+ p/y(35m) =2697,55m',NULL,'MDK-1(1405m)\n2(2675m)',NULL,NULL,NULL,'2025-01-05 07:16:35'),(6100,149,'2024-12-31',18,'139,7x168,3\n1587x1363','2804-2788','73x114','2,5″(1496m)x\n4″(1267m)xr/s (14m)=2777m','48x73','1,5″(598m)x\n2,5″(906m) =1504m',NULL,NULL,NULL,'2025-01-05 07:16:35'),(6101,150,'2024-12-31',18,'139,7 x 168,3\n1482  x 1598\n(3080)','3075-3017','73x114','2,5″(1468,5m)x\n4″(1525m)xr/s (18m)=3011,5m','73','2,5″=1499m',NULL,NULL,NULL,'2025-01-05 07:16:35'),(6102,151,'2024-12-31',18,'139,7x168,3\n1368x1602','2932-2897',NULL,NULL,NULL,NULL,NULL,NULL,NULL,'2025-01-05 07:16:35'),(6103,152,'2024-12-31',18,'139,7x146x168,3\n303x1100x1547','2794-2788','73x114','2,5″(1282m)x4″(1480m)xr/s (17m)= 2779m','73','2,5″=1453,5m',NULL,NULL,NULL,'2025-01-05 07:16:35'),(6104,153,'2024-12-31',11,'139,7 x 168,3\n1528 x 1512\n(2785)','2768-2711','73x114','2,5″(1250m)x\n4″(1433m)xr/s( 15m)=2698m','48x73','1,5″(547m)x2,5″ (1255m) =1802m',NULL,NULL,NULL,'2025-01-05 07:16:35'),(6105,154,'2024-12-31',18,'168,3\n2960','2932-2880','73x114','2,5″(1242m)x\n4″(1618m)xr/s (13m)=2873m','73','2,5″=1500m',NULL,NULL,NULL,'2025-01-05 07:16:35'),(6106,155,'2024-12-31',11,'139,7x168,3\n1728x1612','2925-2834','73x114','2,5″(1245m)x\n4″(1561m)xr/s (18m)=2824m','48x60','1,5″(605m)x\n2,5″(1198m)=1803m',NULL,NULL,NULL,'2025-01-05 07:16:35'),(6107,156,'2024-12-31',12,'139,7 x 168,3\n1240 x 1687\n(2927)','2906-2863',NULL,NULL,NULL,NULL,NULL,NULL,NULL,'2025-01-05 07:16:35'),(6108,157,'2024-12-31',7,'139,7 x 168,3\n1240 x 1687\n(2927)','2699-2626',NULL,NULL,NULL,NULL,NULL,NULL,NULL,'2025-01-05 07:16:35'),(6109,158,'2024-12-31',7,'139,7x168,3\n1375x1570','2567-2511','73x114','2,5″(970m)x\n4″(1510,5m)xr/s(16m)=2497m','73','2,5″=1406m',NULL,NULL,NULL,'2025-01-05 07:16:35'),(6110,159,'2024-12-31',12,'139,7x168,3\n1490x1415','2886-2837','73x114','2,5″(1464m)x4″(1339m)xp/y (15)xr/s(18m)= 2836m','MDK','MDK-1544m; 2646m',NULL,NULL,'2826','2025-01-05 07:16:35'),(6111,160,'2024-12-31',7,'139,7x168,3\n1243x1637','2408-2390','73x114','2,5″(786m)x\n4″(1577m)xr/s (18m)=2381m','73','2,5″=1500m',NULL,NULL,NULL,'2025-01-05 07:16:35'),(6112,161,'2024-12-31',NULL,NULL,NULL,NULL,NULL,NULL,NULL,NULL,NULL,NULL,'2025-01-05 07:16:35'),(6113,162,'2024-12-31',NULL,NULL,NULL,NULL,NULL,NULL,NULL,NULL,NULL,NULL,'2025-01-05 07:16:35'),(6114,163,'2024-12-31',NULL,NULL,NULL,NULL,NULL,NULL,NULL,NULL,NULL,NULL,'2025-01-05 07:16:36'),(6115,164,'2024-12-31',22,'139.7 x 146 x 168.3\n318x2583x1009\n(3910)','3455-3432','73','2,5″=3422m','48','1,5″=1600m',NULL,NULL,NULL,'2025-01-05 07:16:36'),(6116,165,'2024-12-31',11,'139,7 x 168,3\n1760x1600\n(3360)','2984-2980','73x114','2,5″(1455m)x\n4″(1499m)xr/s(13m)=2967m','48x73','1,5″(1201m)x\n2,5″(1299m)=2500m',NULL,NULL,NULL,'2025-01-05 07:16:36'),(6117,166,'2024-12-31',11,'139,7x168,3\n2138x1562\n(3700)','3406-3389','73x114','2,5″(1859m)x\n4″(1506m)xr/s(13m)=3378m','48x73','1,5″(509m)x\n2,5″(1476m)=1985m',NULL,NULL,NULL,'2025-01-05 07:16:36'),(6118,167,'2024-12-31',11,'139,7 x 168,3\n2048x1532\n(3580)','3259-3227','73x114','2,5″(1850m)x\n4″(1352m)xr/s(13m)=3215m','48x73','1,5″(1285m)x\n2,5″(1214m)=2499m',NULL,NULL,NULL,'2025-01-05 07:16:36'),(6119,168,'2024-12-31',NULL,NULL,NULL,NULL,NULL,NULL,NULL,NULL,NULL,NULL,'2025-01-05 07:16:36'),(6120,169,'2024-12-31',NULL,NULL,NULL,NULL,NULL,NULL,NULL,NULL,NULL,NULL,'2025-01-05 07:16:36'),(6121,170,'2024-12-31',NULL,NULL,NULL,NULL,NULL,NULL,NULL,NULL,NULL,NULL,'2025-01-05 07:16:36'),(6122,171,'2024-12-31',NULL,NULL,NULL,NULL,NULL,NULL,NULL,NULL,NULL,NULL,'2025-01-05 07:16:36'),(6123,172,'2024-12-31',NULL,NULL,NULL,NULL,NULL,NULL,NULL,NULL,NULL,NULL,'2025-01-05 07:16:36'),(6124,173,'2024-12-31',NULL,NULL,NULL,NULL,NULL,NULL,NULL,NULL,NULL,NULL,'2025-01-05 07:16:36'),(6125,174,'2024-12-31',22,'139,7 x 168,3\n1600 x 2185\n(3785)','3786-3772',NULL,NULL,NULL,NULL,NULL,NULL,NULL,'2025-01-05 07:16:36');
/*!40000 ALTER TABLE `completion` ENABLE KEYS */;
UNLOCK TABLES;

--
-- Table structure for table `daily_operative`
--

DROP TABLE IF EXISTS `daily_operative`;
/*!40101 SET @saved_cs_client     = @@character_set_client */;
/*!50503 SET character_set_client = utf8mb4 */;
CREATE TABLE `daily_operative` (
  `id` int NOT NULL AUTO_INCREMENT,
  `report_date` date NOT NULL,
  `field_id` int NOT NULL,
  `oil_ton` int DEFAULT NULL,
  `water_ton` int DEFAULT NULL,
  PRIMARY KEY (`id`),
  UNIQUE KEY `unique_daily_operative` (`report_date`,`field_id`),
  KEY `field_id` (`field_id`),
  CONSTRAINT `daily_operative_ibfk_1` FOREIGN KEY (`field_id`) REFERENCES `fields` (`id`)
) ENGINE=InnoDB DEFAULT CHARSET=utf8mb4 COLLATE=utf8mb4_0900_ai_ci;
/*!40101 SET character_set_client = @saved_cs_client */;

--
-- Dumping data for table `daily_operative`
--

LOCK TABLES `daily_operative` WRITE;
/*!40000 ALTER TABLE `daily_operative` DISABLE KEYS */;
/*!40000 ALTER TABLE `daily_operative` ENABLE KEYS */;
UNLOCK TABLES;

--
-- Table structure for table `daily_well_parameters`
--

DROP TABLE IF EXISTS `daily_well_parameters`;
/*!40101 SET @saved_cs_client     = @@character_set_client */;
/*!50503 SET character_set_client = utf8mb4 */;
CREATE TABLE `daily_well_parameters` (
  `id` int NOT NULL AUTO_INCREMENT,
  `well_id` int NOT NULL,
  `report_date` date NOT NULL,
  `flowmeter` int DEFAULT NULL,
  `well_uptime_hours` int DEFAULT NULL,
  `choke` varchar(255) DEFAULT NULL,
  `pqa` varchar(255) DEFAULT NULL,
  `phf` varchar(255) DEFAULT NULL,
  `pba` varchar(255) DEFAULT NULL,
  `p6x9` varchar(255) DEFAULT NULL,
  `p9x13` varchar(255) DEFAULT NULL,
  `p13x20` varchar(255) DEFAULT NULL,
  `liquid_ton` int DEFAULT NULL,
  `total_gas` int DEFAULT NULL,
  `gaslift_gas` int DEFAULT NULL,
  `water_cut` float DEFAULT NULL,
  `mechanical_impurities` float DEFAULT NULL,
  `oil_density` float DEFAULT NULL,
  `oil_loss_ton` int DEFAULT NULL,
  `created_at` timestamp NULL DEFAULT CURRENT_TIMESTAMP,
  PRIMARY KEY (`id`),
  UNIQUE KEY `unique_daily_well_parameter` (`well_id`,`report_date`),
  CONSTRAINT `daily_well_parameters_ibfk_1` FOREIGN KEY (`well_id`) REFERENCES `wells` (`id`)
) ENGINE=InnoDB AUTO_INCREMENT=6126 DEFAULT CHARSET=utf8mb4 COLLATE=utf8mb4_0900_ai_ci;
/*!40101 SET character_set_client = @saved_cs_client */;

--
-- Dumping data for table `daily_well_parameters`
--

LOCK TABLES `daily_well_parameters` WRITE;
/*!40000 ALTER TABLE `daily_well_parameters` DISABLE KEYS */;
INSERT INTO `daily_well_parameters` VALUES (5760,175,'2024-12-31',4,24,'10','28/37','46','65','0','0','0',36,31300,22000,51,0.2,0.861,0,'2025-01-05 07:16:17'),(5761,176,'2024-12-31',4,24,'16/18/21','93/104','0','18/6','15','16','0',26,258000,0,74,0.5,0.755,0,'2025-01-05 07:16:17'),(5762,177,'2024-12-31',NULL,0,'0','0','0','0','0','0','0',0,0,0,2.3,0,0.8725,43,'2025-01-05 07:16:17'),(5763,178,'2024-12-31',4,24,'10','28/31','50','54','10','0','0',25,29100,19000,0,0,0.861,0,'2025-01-05 07:16:17'),(5764,179,'2024-12-31',4,24,'19/22','69/70','0','85','6','0','0',4,225000,0,0,0.1,0.754,0,'2025-01-05 07:16:17'),(5765,180,'2024-12-31',4,24,'11','17/23','50','47','0','0','0',14,26700,15000,6,0,0.8725,0,'2025-01-05 07:16:17'),(5766,181,'2024-12-31',4,24,'11','17/19','38','44','0','0','0',5,27800,11000,0,0.2,0.8725,0,'2025-01-05 07:16:17'),(5767,182,'2024-12-31',4,0,'10','0','0','0','12','6','0',0,0,0,56,0.1,0.861,0,'2025-01-05 07:16:17'),(5768,183,'2024-12-31',4,24,'12/15','61/62','70','77','77','0','0',4,46000,0,85,0.1,0.753,0,'2025-01-05 07:16:18'),(5769,184,'2024-12-31',4,24,'18/20','68/69','0','77','15','0','0',2,186000,0,7,0,0.753,0,'2025-01-05 07:16:18'),(5770,185,'2024-12-31',4,24,'12','29/32','76','99','0','0','0',133,19800,7000,50,0.1,0.855,0,'2025-01-05 07:16:18'),(5771,186,'2024-12-31',4,24,'11','51/54','94','94','0','5','0',182,29200,18000,71,0.1,0.855,0,'2025-01-05 07:16:18'),(5772,187,'2024-12-31',4,24,'11/14/18','118/119','0','14','0','0','0',2,195000,0,0,0,0.754,0,'2025-01-05 07:16:18'),(5773,188,'2024-12-31',4,24,'12','20/28','63','75','0','0','0',69,27700,15000,0,0,0.855,0,'2025-01-05 07:16:18'),(5774,189,'2024-12-31',4,24,'11.14','58/59','0','78','73','3','0',16,80000,0,90,0.3,0.753,0,'2025-01-05 07:16:18'),(5775,190,'2024-12-31',4,24,'12','19/21','44','50','0','0','0',18,28500,19000,0,0,0.8725,0,'2025-01-05 07:16:18'),(5776,191,'2024-12-31',4,24,'18/21','61/62','0','76','0','0','0',4,129000,0,76,0.1,0.753,0,'2025-01-05 07:16:18'),(5777,192,'2024-12-31',4,24,'12/16','26/32','0','44','0','4','0',40,44000,0,97,0.2,0.733,0,'2025-01-05 07:16:18'),(5778,193,'2024-12-31',4,24,'17','20/23','115','101','37','0','0',288,21000,14000,77,0,0.855,0,'2025-01-05 07:16:18'),(5779,194,'2024-12-31',4,24,'9','20/28','60','76','0','0','0',28,15000,9000,0,0.1,0.861,0,'2025-01-05 07:16:18'),(5780,195,'2024-12-31',NULL,0,'0','0','0','0','0','0','0',0,0,0,0,0,0,0,'2025-01-05 07:16:18'),(5781,196,'2024-12-31',NULL,0,'0','0','0','0','0','0','0',0,0,0,0,0,0,0,'2025-01-05 07:16:18'),(5782,197,'2024-12-31',NULL,0,'0','0','0','0','0','0','0',0,0,0,0,0,0,0,'2025-01-05 07:16:18'),(5783,198,'2024-12-31',NULL,0,'0','0','0','0','0','0','0',0,0,0,0,0,0,0,'2025-01-05 07:16:18'),(5784,199,'2024-12-31',NULL,0,'0','0','0','0','0','0','0',0,0,0,0,0,0,0,'2025-01-05 07:16:18'),(5785,200,'2024-12-31',NULL,0,'0','0','0','0','0','0','0',0,0,0,0,0,0,0,'2025-01-05 07:16:18'),(5786,201,'2024-12-31',NULL,0,'0','0','0','0','0','0','0',0,0,0,0,0,0,0,'2025-01-05 07:16:18'),(5787,202,'2024-12-31',NULL,0,'0','0','0','0','0','0','0',0,0,0,0,0,0,0,'2025-01-05 07:16:18'),(5788,203,'2024-12-31',NULL,0,'0','0','0','0','0','0','0',0,0,0,0,0,0,0,'2025-01-05 07:16:18'),(5789,204,'2024-12-31',NULL,0,'0','0','0','0','0','0','0',0,0,0,0,0,0,0,'2025-01-05 07:16:18'),(5790,205,'2024-12-31',NULL,0,'0','0','0','0','0','0','0',0,0,0,0,0,0,0,'2025-01-05 07:16:18'),(5791,206,'2024-12-31',4,24,'10','44/50','140','140','0','0','0',191,14100,0,35,0.2,0.855,0,'2025-01-05 07:16:19'),(5792,207,'2024-12-31',4,24,'15','11/25','44/45','72/73','36','0','0',57,38900,29000,81,0.1,0.861,0,'2025-01-05 07:16:19'),(5793,208,'2024-12-31',4,24,'12','13/14','31/32','31/32','0','0','0',4,25900,17000,0,0,0.8725,0,'2025-01-05 07:16:19'),(5794,209,'2024-12-31',4,24,'10','30/31','52/53','57/58','74','6','0',32,29400,23000,0,0,0.861,0,'2025-01-05 07:16:19'),(5795,210,'2024-12-31',4,24,'12','25/31','67/68','70/71','0','4','0',52,31800,20000,0,0,0.861,0,'2025-01-05 07:16:19'),(5796,211,'2024-12-31',4,24,'10','50/55','98/99','175','34','0','0',121,31800,18000,52,0.1,0.855,0,'2025-01-05 07:16:19'),(5797,212,'2024-12-31',NULL,24,'40','218','145','119','44','9','0',513,0,0,100,0,0.855,0,'2025-01-05 07:16:19'),(5798,213,'2024-12-31',4,24,'9','27/30','123','120','12','7','0',127,8400,0,66,0.1,0.855,0,'2025-01-05 07:16:19'),(5799,214,'2024-12-31',4,24,'9','34/36','59/60','67/68','0','35','0',32,26100,21000,3,0.1,0.861,0,'2025-01-05 07:16:19'),(5800,215,'2024-12-31',NULL,24,'40','218','175','170','79','2','0',227,0,0,100,0,0.855,0,'2025-01-05 07:16:19'),(5801,216,'2024-12-31',4,24,'13','12/27','47/49','62/63','0','8','0',61,28300,23000,35,0.1,0.861,0,'2025-01-05 07:16:19'),(5802,217,'2024-12-31',4,24,'11','23/25','69/70','69/70','0','0','0',51,25100,17000,0,0,0.867,0,'2025-01-05 07:16:19'),(5803,218,'2024-12-31',4,24,'15','17/18','----','61','0','0','0',88,27500,19000,0,0,0.861,0,'2025-01-05 07:16:19'),(5804,219,'2024-12-31',4,24,'13','23/24','55/56','64/65','5','0','0',49,32100,16000,17,0.1,0.858,0,'2025-01-05 07:16:19'),(5805,220,'2024-12-31',NULL,0,'0','0','0','0','0','0','0',0,27700,0,53.125,0.1,0.8725,15,'2025-01-05 07:16:19'),(5806,221,'2024-12-31',4,24,'15','13/14','60/61','0','0','0','0',39,25600,14000,35,0.1,0.861,0,'2025-01-05 07:16:19'),(5807,222,'2024-12-31',NULL,0,'0','0','0','0','0','0','0',0,32953,0,100,0,0.8725,0,'2025-01-05 07:16:19'),(5808,223,'2024-12-31',4,24,'14','15/19','59','67/68','0','0','0',68,25300,14000,0,0,0.8725,0,'2025-01-05 07:16:19'),(5809,224,'2024-12-31',4,24,'9','23/31','50/51','57/58','0','0','0',18,26000,16000,3,0,0.8725,0,'2025-01-05 07:16:19'),(5810,225,'2024-12-31',4,24,'10','16/21','55/56','118','0','0','0',26,25900,18000,48,0.1,0.8725,0,'2025-01-05 07:16:19'),(5811,226,'2024-12-31',NULL,0,'0','0','0','0','0','0','0',0,9300,0,45.5,0.1,0.8725,1,'2025-01-05 07:16:19'),(5812,227,'2024-12-31',NULL,0,'0','0','0','0','0','0','0',0,45200,0,41,0.1,0.8725,4,'2025-01-05 07:16:19'),(5813,228,'2024-12-31',NULL,24,'40','218','212','170','0','0','0',345,0,0,100,0,0.861,0,'2025-01-05 07:16:19'),(5814,229,'2024-12-31',4,24,'10','14/20','16/23','47/50','7','21','0',8,21300,17000,13,0.1,0.8725,0,'2025-01-05 07:16:19'),(5815,230,'2024-12-31',4,24,'11','27/37','68/69','79/80','0','0','0',65,29500,24000,25,0.1,0.855,0,'2025-01-05 07:16:19'),(5816,231,'2024-12-31',4,24,'12','24/35','63/65','86/87','35','4','0',48,35500,29500,87,0.1,0.861,0,'2025-01-05 07:16:19'),(5817,232,'2024-12-31',4,24,'11','25/38','53/54','66/67','0','4','0',55,33300,22000,2,0,0.861,0,'2025-01-05 07:16:19'),(5818,233,'2024-12-31',NULL,0,'0','0','0','0','0','0','0',0,49700,0,40,0.1,0.855,62,'2025-01-05 07:16:19'),(5819,234,'2024-12-31',4,24,'14','13/14','42/43','38/39','21','0','0',11,27500,22000,6,0,0.8725,0,'2025-01-05 07:16:19'),(5820,235,'2024-12-31',4,24,'11','18/35','56/58','68/69','20','7','0',61,28100,21000,35,0.1,0.861,0,'2025-01-05 07:16:19'),(5821,236,'2024-12-31',4,24,'13','37/42','95/96','130','30','0','0',193,29300,15500,68,0.3,0.855,0,'2025-01-05 07:16:19'),(5822,237,'2024-12-31',4,24,'12','30/31','128','128','0','0','0',201,11400,0,53,0.1,0.855,0,'2025-01-05 07:16:19'),(5823,238,'2024-12-31',4,24,'11','19/20','41/42','52','10','0','0',32,20100,11000,0,0,0.855,0,'2025-01-05 07:16:19'),(5824,239,'2024-12-31',4,24,'12','28/38','70/71','92/93','31','0','0',95,33800,24000,32,0.1,0.861,0,'2025-01-05 07:16:19'),(5825,240,'2024-12-31',4,24,'11','24/43','58/61','79/80','57','0','0',51,39700,31500,50,0.1,0.855,0,'2025-01-05 07:16:19'),(5826,241,'2024-12-31',NULL,0,'0','0','0','0','0','0','0',0,0,0,0,0,0,0,'2025-01-05 07:16:19'),(5827,242,'2024-12-31',NULL,0,'0','0','0','0','0','0','0',0,0,0,0,0,0,0,'2025-01-05 07:16:19'),(5828,243,'2024-12-31',NULL,0,'0','0','0','0','0','0','0',0,0,0,0,0,0,0,'2025-01-05 07:16:19'),(5829,244,'2024-12-31',13,24,'11','42/48','110/111','148/149','48','11','128',128,31900,156,73,0.1,0.855,0,'2025-01-05 07:16:21'),(5830,245,'2024-12-31',13,24,'11','35/43','96/100','130/133','6/61/46','11','129',129,31000,109,53,0.3,0.855,0,'2025-01-05 07:16:21'),(5831,246,'2024-12-31',13,24,'14','15/26','44/48','58/59','0','14','57',57,36000,368,32,0.1,0.861,0,'2025-01-05 07:16:21'),(5832,247,'2024-12-31',13,24,'10','31/55','111/113','135','12','0','9',153,30600,26,20,0.1,0.855,0,'2025-01-05 07:16:21'),(5833,248,'2024-12-31',13,24,'10','37/40','87/88','88','54','21','13',108,24900,134,76,0.4,0.855,0,'2025-01-05 07:16:21'),(5834,249,'2024-12-31',13,24,'14','13/48','67/72','85/87','0','15','0',122,59100,168,0,0.1,0.861,0,'2025-01-05 07:16:21'),(5835,250,'2024-12-31',13,24,'10','46/50','89/90','125','15','3','0',109,35700,138,31,0.1,0.855,0,'2025-01-05 07:16:21'),(5836,251,'2024-12-31',13,24,'11','46/48','92','145','12','19','19',155,35600,71,20,0.1,0.855,0,'2025-01-05 07:16:21'),(5837,252,'2024-12-31',13,24,'15','16/20','43/46','51','0','11','0',26,39900,923,35,0.1,0.873,0,'2025-01-05 07:16:21'),(5838,253,'2024-12-31',13,24,'18/22','133','0','50','17','15','0',6,310000,0,83,0.1,0.9,0,'2025-01-05 07:16:21'),(5839,254,'2024-12-31',13,24,'16','14/27','91','91','28','3','0',172,37000,116,65,0.1,0.855,0,'2025-01-05 07:16:21'),(5840,255,'2024-12-31',13,24,'16','42','57','64','20','16','0',5,180000,0,67,0.1,0.851,0,'2025-01-05 07:16:21'),(5841,256,'2024-12-31',13,24,'19','137','0','32','10','5','0',10,335000,0,70,0.1,0.755,0,'2025-01-05 07:16:21'),(5842,257,'2024-12-31',13,24,'16','26/33','59','62','40','27','0',127,65200,0,0,0,0.861,0,'2025-01-05 07:16:21'),(5843,258,'2024-12-31',13,24,'13','21/24','50/51','60','29','45','3',45,37300,444,33,0.1,0.861,0,'2025-01-05 07:16:21'),(5844,259,'2024-12-31',13,24,'39','210','200','192','157','12','4',541,0,0,100,0,0.855,0,'2025-01-05 07:16:21'),(5845,260,'2024-12-31',NULL,0,'0','0','0','0','0','0','0',0,26900,0,0,0,0.8715,100,'2025-01-05 07:16:21'),(5846,261,'2024-12-31',13,24,'9','46/49','0','108','0','13','0',100,51900,240,0,0,0.855,0,'2025-01-05 07:16:21'),(5847,262,'2024-12-31',13,24,'17','11/12','32','37','16','6','14',21,29100,190,0,0,0.8725,0,'2025-01-05 07:16:21'),(5848,263,'2024-12-31',13,24,'15/18/21','94','0','86','17','5','0',96,219000,0,72,0.1,0.733,0,'2025-01-05 07:16:21'),(5849,264,'2024-12-31',13,24,'10','15/58','72/80','100/102','61','57','0',70,35700,257,5,0.2,0.855,0,'2025-01-05 07:16:21'),(5850,265,'2024-12-31',13,24,'15','16/27','78/79','88','14','6','0',104,37100,192,4,0,0.861,0,'2025-01-05 07:16:21'),(5851,266,'2024-12-31',13,24,'18','75','0','96','0','41','0',4,334000,0,0,0.1,0.733,0,'2025-01-05 07:16:21'),(5852,267,'2024-12-31',13,24,'14','28/33','94/95','95','0','4','0',201,30100,67,67.01,0.1,0.855,0,'2025-01-05 07:16:21'),(5853,268,'2024-12-31',13,24,'15','28/48','87/88','90','36','16','0',233,55900,60,48,0.1,0.855,0,'2025-01-05 07:16:21'),(5854,269,'2024-12-31',13,24,'14','17/30','76/77','86','28','0','3',96,35800,115,42.71,0.1,0.861,0,'2025-01-05 07:16:21'),(5855,270,'2024-12-31',13,24,'15/19','130/132','135','149','30','1','0',10,300000,0,0,0.1,0.755,0,'2025-01-05 07:16:21'),(5856,271,'2024-12-31',13,24,'14','49','49','57','30','0','4',2,154000,0,63,0.1,0.851,0,'2025-01-05 07:16:21'),(5857,272,'2024-12-31',13,24,'10','31/47','83/84','106/107','4','9','0',77,27500,195,23,0.1,0.861,0,'2025-01-05 07:16:21'),(5858,273,'2024-12-31',13,24,'11','34/40','87','101','36','33','6',104,31900,125,39.42,0.1,0.855,0,'2025-01-05 07:16:21'),(5859,274,'2024-12-31',NULL,0,'0','0','0','0','0','0','0',0,439200,0,0,0,0.826,3,'2025-01-05 07:16:21'),(5860,275,'2024-12-31',3,24,'11','36/37','0','50','40','13','11',20,60000,0,95,0.1,0.733,0,'2025-01-05 07:16:22'),(5861,276,'2024-12-31',3,24,'13','21/36','69/74','83/85','14','2','0',89,36000,700,50,0.1,0.86675,0,'2025-01-05 07:16:22'),(5862,277,'2024-12-31',3,24,'16','18/26','36/43','58/60','0','20','0',46,36000,700,28,0.1,0.8725,0,'2025-01-05 07:16:22'),(5863,278,'2024-12-31',3,24,'12','26/40','85/87','105','0','0','0',112,30500,700,59,0.1,0.861,0,'2025-01-05 07:16:22'),(5864,279,'2024-12-31',NULL,0,'0','0','0','0','0','0','0',0,0,0,50,0,0.851,2,'2025-01-05 07:16:22'),(5865,280,'2024-12-31',3,24,'8','22/35','0','88/90','0','0','0',34,22000,700,45,0.1,0.861,0,'2025-01-05 07:16:22'),(5866,281,'2024-12-31',3,24,'12.16.21','137','131','136','134','0','0',82,246000,0,80,0.1,0.9,0,'2025-01-05 07:16:22'),(5867,282,'2024-12-31',3,24,'17.21','95','0','95','0','0','0',7,350000,0,10,0.1,0.733,0,'2025-01-05 07:16:22'),(5868,283,'2024-12-31',3,24,'14.18','120/121','126','127','4','4','0',5,222000,0,85,0.1,0.755,0,'2025-01-05 07:16:22'),(5869,284,'2024-12-31',3,24,'14.17.21','99/100','100','118','0','0','0',10,249000,0,60,0.1,0.9,0,'2025-01-05 07:16:22'),(5870,285,'2024-12-31',3,24,'13','20/25','69/72','65/67','0','10','0',24,29000,700,65,0,0.8725,0,'2025-01-05 07:16:22'),(5871,286,'2024-12-31',NULL,0,'0','0','0','0','0','0','0',0,0,0,14,0,0.8725,12,'2025-01-05 07:16:22'),(5872,287,'2024-12-31',NULL,0,'0','0','0','0','0','0','0',0,0,0,0,0,0.8725,0,'2025-01-05 07:16:22'),(5873,288,'2024-12-31',3,0,'0','0','0','0','0','0','0',0,0,0,0,0,0.8725,0,'2025-01-05 07:16:22'),(5874,289,'2024-12-31',NULL,0,'0','0','0','0','0','0','0',0,239000,0,80.1,0,0.9,17,'2025-01-05 07:16:22'),(5875,290,'2024-12-31',3,24,'13','29/47','62/65','92/94','4','0','0',74,57000,700,35,0,0.861,0,'2025-01-05 07:16:22'),(5876,291,'2024-12-31',3,24,'11','18/20','34/35','34/35','0','0','0',10,22000,700,12,0,0.8725,0,'2025-01-05 07:16:22'),(5877,292,'2024-12-31',3,24,'11.15.21','135','0','149','18','0','0',5,207000,0,20,0.1,0.755,0,'2025-01-05 07:16:22'),(5878,293,'2024-12-31',3,24,'14','21/22','40/41','41/42','37','0','0',24,28800,0,5,0,0.8725,0,'2025-01-05 07:16:22'),(5879,294,'2024-12-31',3,24,'13.16.19','106','0','106','2','0','0',5,262000,0,50,0.1,0.755,0,'2025-01-05 07:16:22'),(5880,295,'2024-12-31',3,24,'11','16/26','60/62','63/65','22','0','0',29,20000,700,3,0,0.8725,0,'2025-01-05 07:16:22'),(5881,296,'2024-12-31',3,24,'15.19','108/109','0','114','0','25','0',36,307000,0,88,0.2,0.733,0,'2025-01-05 07:16:22'),(5882,297,'2024-12-31',3,24,'10.13.17','120/121','0','132','0','26','0',7,143000,0,71,0.1,0.755,0,'2025-01-05 07:16:22'),(5883,298,'2024-12-31',3,24,'8','44/50','112','171','24','8','0',123,14500,700,37,0.1,0.873,0,'2025-01-05 07:16:22'),(5884,299,'2024-12-31',3,24,'10','28/40','86','100','10','2','1',87,27500,700,27,0.1,0.861,0,'2025-01-05 07:16:22'),(5885,300,'2024-12-31',3,24,'9','45/48','114','114','72','0','0',109,15000,0,64,0.1,0.855,0,'2025-01-05 07:16:22'),(5886,301,'2024-12-31',3,24,'13','16/37','30/42','58/64','16','0','0',45,37000,700,35,0.1,0.861,0,'2025-01-05 07:16:23'),(5887,302,'2024-12-31',3,24,'7','65/72','0','106','11','0','0',59,16000,700,1,0,0.9,0,'2025-01-05 07:16:23'),(5888,303,'2024-12-31',3,24,'10','28/45','0','124','0','0','0',115,20000,700,60,0,0.8725,0,'2025-01-05 07:16:23'),(5889,304,'2024-12-31',3,24,'19.22','88','0','96','92','48','2',12,413000,0,5,0,0.733,0,'2025-01-05 07:16:23'),(5890,305,'2024-12-31',3,24,'8.13.17','130','0','132','35','9','2',3,120000,0,20,0,0.755,0,'2025-01-05 07:16:23'),(5891,306,'2024-12-31',3,24,'12','18/42','78/80','113','24','0','0',94,29300,700,48,0,0.861,0,'2025-01-05 07:16:23'),(5892,307,'2024-12-31',3,24,'15','23/26','46','56','0','4','0',70,34000,700,0,0,0.861,0,'2025-01-05 07:16:23'),(5893,308,'2024-12-31',3,24,'12','23/26','61/62','55','0','2','0',21,33500,700,12,0.1,0.8725,0,'2025-01-05 07:16:23'),(5894,309,'2024-12-31',3,24,'11','26/32','61/64','112','2','1','0',38,34200,700,56,0,0.86675,0,'2025-01-05 07:16:23'),(5895,310,'2024-12-31',3,24,'11','26/36','77/78','76','3','0','0',29,37000,700,83,0.1,0.8725,0,'2025-01-05 07:16:23'),(5896,311,'2024-12-31',3,24,'12','22/35','65','104','0','9','0',30,22700,700,56,0,0.8725,0,'2025-01-05 07:16:23'),(5897,352,'2024-12-31',NULL,0,'0','0','0','0','0','0','0',0,0,0,80,0.1,0.733,5,'2025-01-05 07:16:23'),(5898,353,'2024-12-31',NULL,0,'0','0','0','0','0','0','0',0,0,0,0,0,0,0,'2025-01-05 07:16:23'),(5899,354,'2024-12-31',NULL,0,'0','0','0','0','0','0','0',0,0,0,0,0,0,0,'2025-01-05 07:16:23'),(5900,355,'2024-12-31',NULL,0,'0','0','0','0','0','0','0',0,0,0,0,0,0,0,'2025-01-05 07:16:23'),(5901,356,'2024-12-31',NULL,0,'0','0','0','0','0','0','0',0,0,0,0,0,0,0,'2025-01-05 07:16:23'),(5902,357,'2024-12-31',NULL,0,'0','0','0','0','0','0','0',0,0,0,0,0,0,0,'2025-01-05 07:16:23'),(5903,358,'2024-12-31',NULL,0,'0','0','0','0','0','0','0',0,0,0,0,0,0,0,'2025-01-05 07:16:23'),(5904,359,'2024-12-31',NULL,0,'0','0','0','0','0','0','0',0,0,0,0,0,0,0,'2025-01-05 07:16:23'),(5905,360,'2024-12-31',NULL,0,'0','0','0','0','0','0','0',0,0,0,0,0,0,0,'2025-01-05 07:16:23'),(5906,312,'2024-12-31',NULL,24,'40','205','0','0','0','0','0',310,0,0,100,0,0.855,0,'2025-01-05 07:16:24'),(5907,313,'2024-12-31',NULL,0,'0','0','0','0','0','0','0',0,60000,0,33,0,0.861,5,'2025-01-05 07:16:24'),(5908,314,'2024-12-31',NULL,24,'40','206','185','145','0','0','0',354,0,0,100,0,0.861,0,'2025-01-05 07:16:24'),(5909,315,'2024-12-31',NULL,0,'0','0','0','0','0','0','0',0,18500,0,20,0,0.8725,2,'2025-01-05 07:16:24'),(5910,316,'2024-12-31',2,24,'11.0','40/42','96/97','157','4','0','0',121,29000,20000,73.4,0,0.855,0,'2025-01-05 07:16:24'),(5911,317,'2024-12-31',2,24,'12.0','20/24','58','58','8','0','0',20,28800,20000,4.1,0,0.858,0,'2025-01-05 07:16:24'),(5912,318,'2024-12-31',2,24,'10.0','34','36','40','7','0','0',2,90000,0,43.8,0,0.851,0,'2025-01-05 07:16:24'),(5913,319,'2024-12-31',2,24,'15.0','20/21','54','62','7','0','0',41,27900,23000,8.1,0.2,0.861,0,'2025-01-05 07:16:24'),(5914,320,'2024-12-31',2,24,'10.0','32/38','47/50','94','6','0','0',39,28000,22000,36.4,0.1,0.861,0,'2025-01-05 07:16:24'),(5915,321,'2024-12-31',4,24,'13.0','17/18','40','44','0','0','0',18,36100,20000,8.4,0,0.8725,0,'2025-01-05 07:16:24'),(5916,322,'2024-12-31',4,24,'12.0','20/24','44','50','0','0','0',19,33300,22000,4.3,0,0.8725,0,'2025-01-05 07:16:24'),(5917,323,'2024-12-31',NULL,24,'5','212','0','0','0','0','0',233,0,0,100,0,0.8725,0,'2025-01-05 07:16:24'),(5918,324,'2024-12-31',2,24,'16.0','17/18','38/42','46','0','0','0',10,25300,10000,8.3,0,0.8725,0,'2025-01-05 07:16:24'),(5919,325,'2024-12-31',2,24,'17.0','19/22','34/40','58','5','0','0',17,38400,30500,48.1,0.1,0.8725,0,'2025-01-05 07:16:24'),(5920,326,'2024-12-31',4,24,'13','22/23','47','51','0','0','0',15,36900,17000,0,0,0.8725,0,'2025-01-05 07:16:24'),(5921,327,'2024-12-31',2,24,'12','20/30','62/65','80','0','0','0',66,26000,20000,24.9,0.1,0.861,0,'2025-01-05 07:16:24'),(5922,328,'2024-12-31',4,24,'11.0','20/21','42','52','0','0','0',8,31500,23000,1.5,0,0.8725,0,'2025-01-05 07:16:24'),(5923,329,'2024-12-31',NULL,0,'10.0','0','0','0','0','0','0',0,29500,0,9.3,0,0.861,8,'2025-01-05 07:16:24'),(5924,330,'2024-12-31',2,24,'16.0','19/20','54','62','0','0','0',52,30000,21500,1.59,0,0.861,0,'2025-01-05 07:16:24'),(5925,331,'2024-12-31',2,24,'18.0','18/19','35','56','12','0','0',49,30400,23000,0,0,0.861,0,'2025-01-05 07:16:24'),(5926,332,'2024-12-31',2,24,'16.0','18/26','46','54','0','0','0',42,42900,24000,1.9,0.1,0.8725,0,'2025-01-05 07:16:24'),(5927,347,'2024-12-31',NULL,0,'0','0','0','0','0','0','0',0,0,0,0,0,0,0,'2025-01-05 07:16:24'),(5928,348,'2024-12-31',NULL,0,'0','0','0','0','0','0','0',0,0,0,0,0,0,0,'2025-01-05 07:16:24'),(5929,349,'2024-12-31',NULL,0,'0','0','0','0','0','0','0',0,0,0,0,0,0,0,'2025-01-05 07:16:24'),(5930,350,'2024-12-31',NULL,0,'0','0','0','0','0','0','0',0,0,0,0,0,0,0,'2025-01-05 07:16:24'),(5931,351,'2024-12-31',NULL,0,'0','0','0','0','0','0','0',0,0,0,0,0,0,0,'2025-01-05 07:16:24'),(5932,333,'2024-12-31',3,24,'12','44/45','90/92','116','20','0','0',203,23700,19000,80,0.1,0.9,0,'2025-01-05 07:16:25'),(5933,334,'2024-12-31',3,24,'13','25/29','40/44','48/50','4','5','0',45,39000,10000,2,0.1,0.8725,0,'2025-01-05 07:16:25'),(5934,335,'2024-12-31',NULL,0,'0','0','0','0','0','0','0',0,0,0,100,0,0.9,0,'2025-01-05 07:16:25'),(5935,336,'2024-12-31',3,24,'18','30/32','100','100','48','0','0',309,29500,17000,78,0.1,0.855,0,'2025-01-05 07:16:25'),(5936,337,'2024-12-31',3,24,'16','20/30','71','71','15','0','0',201,38500,32000,70,0.1,0.861,0,'2025-01-05 07:16:25'),(5937,339,'2024-12-31',3,24,'11','24/34','0','69/70','0','0','0',52,26000,0,10,0.1,0.861,0,'2025-01-05 07:16:25'),(5938,340,'2024-12-31',3,24,'11','60/61','73','78','18','0','0',10,192000,0,10,0.1,0.851,0,'2025-01-05 07:16:25'),(5939,341,'2024-12-31',3,24,'12','34/35','87','157','0','0','0',249,14000,0,44,0.1,0.9,0,'2025-01-05 07:16:25'),(5940,342,'2024-12-31',3,24,'14','18/24','39/41','54/55','0','0','0',130,30300,16000,20,0.1,0.861,0,'2025-01-05 07:16:25'),(5941,343,'2024-12-31',3,24,'15','18/21','39/41','54/55','0','0','0',43,23500,17000,2,0.1,0.8725,0,'2025-01-05 07:16:25'),(5942,344,'2024-12-31',3,24,'12','24/30','37/41','71','0','0','0',43,26000,22000,16,0.1,0.8725,0,'2025-01-05 07:16:25'),(5943,345,'2024-12-31',NULL,0,'0','0','0','0','0','0','0',0,0,0,0,0,0,0,'2025-01-05 07:16:25'),(5944,346,'2024-12-31',NULL,0,'0','0','0','0','0','0','0',0,0,0,99.2,0,0.8725,2,'2025-01-05 07:16:25'),(5945,1,'2024-12-31',2,24,'14','18/22','74','80','0','0','0',58,38000,23000,26,0.1,0.861,0,'2025-01-05 07:16:26'),(5946,2,'2024-12-31',2,24,'18','11/19','54','81','0','0','0',32,35600,28000,64,0.1,0.861,0,'2025-01-05 07:16:26'),(5947,3,'2024-12-31',2,24,'12','14/17','41/42','37','0','10','0',9,29100,15000,0,0,0.873,0,'2025-01-05 07:16:27'),(5948,4,'2024-12-31',2,24,'11','17/37','70/72','93/94','14','0','0',77,36000,20000,35,0.1,0.861,0,'2025-01-05 07:16:27'),(5949,5,'2024-12-31',2,24,'10','13/14','24/25','29','0','0','0',3,19900,9000,0,0,0.873,0,'2025-01-05 07:16:27'),(5950,6,'2024-12-31',2,24,'15','12/24','50/51','65','0','0','0',60,36300,23000,30,0,0.861,0,'2025-01-05 07:16:27'),(5951,7,'2024-12-31',2,24,'13','12/13','33/34','34/35','0','0','0',6,29100,15000,10,0.1,0.873,0,'2025-01-05 07:16:27'),(5952,8,'2024-12-31',2,24,'13','15/18','48/50','44/45','2','0','0',11,29800,19000,13,0,0.873,0,'2025-01-05 07:16:27'),(5953,9,'2024-12-31',NULL,0,'0','0','0','0','0','0','0',0,0,0,0,0,0,0,'2025-01-05 07:16:27'),(5954,10,'2024-12-31',NULL,0,'0','0','0','0','0','0','0',0,0,0,0,0,0,0,'2025-01-05 07:16:27'),(5955,11,'2024-12-31',NULL,0,'0','0','0','0','0','0','0',0,0,0,0,0,0,0,'2025-01-05 07:16:27'),(5956,12,'2024-12-31',NULL,0,'0','0','0','0','0','0','0',0,0,0,0,0,0,0,'2025-01-05 07:16:27'),(5957,13,'2024-12-31',NULL,0,'0','0','0','0','0','0','0',0,0,0,0,0,0,0,'2025-01-05 07:16:27'),(5958,14,'2024-12-31',3,24,'10','16/20','37/38','47/48','0','0','0',24,16500,10000,1,0,0.873,0,'2025-01-05 07:16:28'),(5959,15,'2024-12-31',NULL,0,'0','0','0','0','0','0','0',0,46700,0,32,0,0.873,3,'2025-01-05 07:16:28'),(5960,16,'2024-12-31',3,24,'12','24/29','48/49','82/83','0','0','0',66,28100,23000,38,0.1,0.861,0,'2025-01-05 07:16:28'),(5961,17,'2024-12-31',3,24,'16/19','75/76','77','78','81','78','0',145,165000,0,99.8,0.1,0.733,0,'2025-01-05 07:16:28'),(5962,18,'2024-12-31',NULL,0,'0','0','0','0','0','0','0',0,110500,0,98,0,0.733,2,'2025-01-05 07:16:28'),(5963,19,'2024-12-31',3,24,'16/19','75/85','0','70/40','50','4','0',52,232000,0,74,0.2,0.733,0,'2025-01-05 07:16:28'),(5964,20,'2024-12-31',3,24,'14','23/26','29/32','60/61','0','0','0',73,32700,24000,26,0.1,0.861,0,'2025-01-05 07:16:28'),(5965,21,'2024-12-31',3,24,'17/20','84/86','0','88/89','0','0','0',8,349000,0,58,0.1,0.733,0,'2025-01-05 07:16:28'),(5966,22,'2024-12-31',NULL,0,'0','0','0','0','0','0','0',0,5,0,93.2,0,0.733,2,'2025-01-05 07:16:28'),(5967,23,'2024-12-31',NULL,0,'0','0','0','0','0','0','0',0,31800,0,0,0,0.873,12,'2025-01-05 07:16:28'),(5968,24,'2024-12-31',3,24,'14','13/15','35/36','40/41','40','9','0',19,18600,10000,0.3,0.1,0.873,0,'2025-01-05 07:16:28'),(5969,25,'2024-12-31',3,24,'8','29/31','42/43','54/55','4','0','0',8,21600,20000,76.2,0.1,0.873,0,'2025-01-05 07:16:28'),(5970,26,'2024-12-31',3,24,'11','12/15','18/19','37/38','0','0','0',2,19500,18000,59,0.1,0.873,0,'2025-01-05 07:16:28'),(5971,27,'2024-12-31',3,24,'11','17/25','57/59','65/66','0','0','0',17,26400,24000,50,0.1,0.873,0,'2025-01-05 07:16:28'),(5972,28,'2024-12-31',3,24,'8','23/26','44/46','46/48','0','0','0',2,18600,16000,0.4,0,0.873,0,'2025-01-05 07:16:28'),(5973,361,'2024-12-31',NULL,0,'0','0','0','0','0','0','0',0,0,0,0,0,0,0,'2025-01-05 07:16:28'),(5974,362,'2024-12-31',NULL,0,'0','0','0','0','0','0','0',0,0,0,0,0,0,0,'2025-01-05 07:16:28'),(5975,363,'2024-12-31',NULL,0,'0','0','0','0','0','0','0',0,0,0,0,0,0,0,'2025-01-05 07:16:28'),(5976,364,'2024-12-31',NULL,0,'0','0','0','0','0','0','0',0,0,0,0,0,0,0,'2025-01-05 07:16:28'),(5977,365,'2024-12-31',NULL,0,'0','0','0','0','0','0','0',0,0,0,0,0,0,0,'2025-01-05 07:16:28'),(5978,366,'2024-12-31',NULL,0,'0','0','0','0','0','0','0',0,0,0,0,0,0,0,'2025-01-05 07:16:28'),(5979,367,'2024-12-31',NULL,0,'0','0','0','0','0','0','0',0,0,0,0,0,0,0,'2025-01-05 07:16:28'),(5980,368,'2024-12-31',NULL,0,'0','0','0','0','0','0','0',0,0,0,0,0,0,0,'2025-01-05 07:16:28'),(5981,369,'2024-12-31',NULL,0,'0','0','0','0','0','0','0',0,0,0,0,0,0,0,'2025-01-05 07:16:28'),(5982,29,'2024-12-31',4,24,'19','8/9','14/15','14/15','0','0','0',1,32000,0,0,0,0.851,0,'2025-01-05 07:16:29'),(5983,30,'2024-12-31',4,24,'16','10/31','73/78','118/119','0','0','0',109,39300,22000,54,0,0.861,0,'2025-01-05 07:16:29'),(5984,31,'2024-12-31',4,24,'13','15/17','90/91','91/92','0','0','0',129,14500,6500,86,0,0.855,0,'2025-01-05 07:16:29'),(5985,32,'2024-12-31',NULL,0,'0','0','0','0','0','0','0',0,23964,0,40,0,0.855,39,'2025-01-05 07:16:29'),(5986,33,'2024-12-31',4,24,'13','13/20','57/58','72/73','0','0','0',59,22900,15000,0,0,0.861,0,'2025-01-05 07:16:29'),(5987,34,'2024-12-31',4,24,'14','15/17','46/47','52/53','0','0','0',32,27200,22000,0,0,0.861,0,'2025-01-05 07:16:29'),(5988,35,'2024-12-31',4,24,'14','15/25','0','67/68','0','0','0',99,34500,23500,10,0,0.861,0,'2025-01-05 07:16:29'),(5989,36,'2024-12-31',4,24,'14','18/21','61/62','73/74','0','0','0',73,31600,21000,1,0,0.873,0,'2025-01-05 07:16:29'),(5990,37,'2024-12-31',4,24,'10','23/25','62/63','62/63','0','0','0',26,24700,16000,20,0,0.861,0,'2025-01-05 07:16:29'),(5991,38,'2024-12-31',4,24,'12','15/23','57/59','97/98','0','0','0',50,23800,21000,90,0,0.873,0,'2025-01-05 07:16:29'),(5992,39,'2024-12-31',NULL,0,'0','0','0','0','0','0','0',0,0,0,0,0,0,0,'2025-01-05 07:16:29'),(5993,40,'2024-12-31',NULL,0,'0','0','0','0','0','0','0',0,0,0,0,0,0,0,'2025-01-05 07:16:29'),(5994,41,'2024-12-31',NULL,0,'0','0','0','0','0','0','0',0,0,0,0,0,0,0,'2025-01-05 07:16:29'),(5995,42,'2024-12-31',NULL,0,'0','0','0','0','0','0','0',0,0,0,0,0,0,0,'2025-01-05 07:16:29'),(5996,43,'2024-12-31',NULL,0,'0','0','0','0','0','0','0',0,0,0,0,0,0,0,'2025-01-05 07:16:29'),(5997,44,'2024-12-31',NULL,0,'0','0','0','0','0','0','0',0,0,0,0,0,0,0,'2025-01-05 07:16:29'),(5998,45,'2024-12-31',NULL,0,'0','0','0','0','0','0','0',0,0,0,0,0,0,0,'2025-01-05 07:16:29'),(5999,46,'2024-12-31',NULL,0,'0','0','0','0','0','0','0',0,0,0,0,0,0,0,'2025-01-05 07:16:29'),(6000,47,'2024-12-31',NULL,0,'0','0','0','0','0','0','0',0,0,0,0,0,0,0,'2025-01-05 07:16:29'),(6001,48,'2024-12-31',NULL,0,'0','0','0','0','0','0','0',0,0,0,0,0,0,0,'2025-01-05 07:16:29'),(6002,49,'2024-12-31',2,24,'15','14/16','61/62','69','0','0','0',21,26400,23000,75,0.3,0.861,0,'2025-01-05 07:16:30'),(6003,50,'2024-12-31',NULL,24,'26','215','181','134','4','0','0',995,0,0,100,0,0.855,0,'2025-01-05 07:16:30'),(6004,51,'2024-12-31',NULL,24,'40','216','0','0','0','0','0',54,0,0,100,0,0.861,0,'2025-01-05 07:16:30'),(6005,52,'2024-12-31',2,24,'10','17/19','29/32','36/38','0','0','0',9,18800,16000,2.2,0,0.873,0,'2025-01-05 07:16:30'),(6006,53,'2024-12-31',2,0,'14','22/25','72','82','0','0','0',0,30200,26000,89.5,0.3,0.858,8,'2025-01-05 07:16:30'),(6007,54,'2024-12-31',NULL,24,'40','216','211','208','0','0','0',151,0,0,100,0,0.873,0,'2025-01-05 07:16:30'),(6008,55,'2024-12-31',2,24,'15','16','43/44','45','0','0','0',22,33200,20000,0,0,0.873,0,'2025-01-05 07:16:30'),(6009,56,'2024-12-31',2,24,'13','18/19','35','40','0','0','0',14,30800,20000,0,0,0.873,0,'2025-01-05 07:16:30'),(6010,57,'2024-12-31',2,24,'16','15','52','41','0','0','0',14,27400,18000,0,0,0.873,0,'2025-01-05 07:16:30'),(6011,58,'2024-12-31',2,24,'13','16','38','41','0','0','0',13,27000,22000,0,0,0.873,0,'2025-01-05 07:16:30'),(6012,59,'2024-12-31',NULL,0,'0','0','0','0','0','0','0',0,16000,0,50,0,0.873,1,'2025-01-05 07:16:30'),(6013,60,'2024-12-31',NULL,0,'0','0','0','0','0','0','0',0,23000,0,50,0,0.873,1,'2025-01-05 07:16:30'),(6014,61,'2024-12-31',2,24,'16','13/16','40/45','44/48','0','0','0',24,27200,21000,0,0,0.873,0,'2025-01-05 07:16:30'),(6015,62,'2024-12-31',2,24,'15','19/21','41/43','59/60','0','0','0',30,40500,37000,42.4,0,0.858,0,'2025-01-05 07:16:31'),(6016,63,'2024-12-31',2,24,'13','22/23','44','55','0','0','0',42,21500,17000,0,0,0.855,0,'2025-01-05 07:16:31'),(6017,64,'2024-12-31',2,24,'10','22/45','64/65','75/76','8','0','0',67,31500,24000,71,0.1,0.855,0,'2025-01-05 07:16:31'),(6018,65,'2024-12-31',2,24,'13','17/18','36/37','49','0','0','0',31,22300,19000,0,0,0.855,0,'2025-01-05 07:16:31'),(6019,66,'2024-12-31',2,24,'6','24/42','72/76','150','0','0','0',102,21900,13000,40.2,0.1,0.855,0,'2025-01-05 07:16:31'),(6020,67,'2024-12-31',2,24,'10','44/47','88','87','0','0','0',89,26200,21000,70,0,0.855,0,'2025-01-05 07:16:31'),(6021,68,'2024-12-31',2,24,'10','20/33','53/54','68','11','0','0',42,29200,25000,50,0.1,0.855,0,'2025-01-05 07:16:31'),(6022,69,'2024-12-31',2,24,'9','27/30','113','164','22','0','0',100,4700,0,52,0.1,0.855,0,'2025-01-05 07:16:31'),(6023,70,'2024-12-31',2,24,'7','30/48','66/69','71/72','2','0','0',30,17600,14000,40,0.1,0.855,0,'2025-01-05 07:16:31'),(6024,71,'2024-12-31',2,24,'16','13/28','61','64','0','0','0',61,30700,25000,65.2,0.1,0.861,0,'2025-01-05 07:16:31'),(6025,72,'2024-12-31',2,24,'11','17/31','50/56','60','0','0','0',32,28400,27000,46,0.1,0.861,0,'2025-01-05 07:16:31'),(6026,73,'2024-12-31',NULL,0,'0','0','0','0','0','0','0',0,0,0,0,0,0,0,'2025-01-05 07:16:31'),(6027,74,'2024-12-31',NULL,0,'0','0','0','0','0','0','0',0,0,0,0,0,0,0,'2025-01-05 07:16:31'),(6028,75,'2024-12-31',NULL,0,'0','0','0','0','0','0','0',0,0,0,0,0,0,0,'2025-01-05 07:16:31'),(6029,76,'2024-12-31',NULL,0,'0','0','0','0','0','0','0',0,0,0,0,0,0,0,'2025-01-05 07:16:31'),(6030,77,'2024-12-31',NULL,0,'0','0','0','0','0','0','0',0,0,0,0,0,0,0,'2025-01-05 07:16:31'),(6031,78,'2024-12-31',NULL,0,'0','0','0','0','0','0','0',0,0,0,0,0,0,0,'2025-01-05 07:16:31'),(6032,79,'2024-12-31',NULL,0,'0','0','0','0','0','0','0',0,0,0,0,0,0,0,'2025-01-05 07:16:31'),(6033,80,'2024-12-31',NULL,0,'0','0','0','0','0','0','0',0,0,0,0,0,0,0,'2025-01-05 07:16:31'),(6034,81,'2024-12-31',4,24,'14','10/16','42/44','43/45','0','0','0',21,21982,19000,18,0.1,0.861,0,'2025-01-05 07:16:32'),(6035,82,'2024-12-31',4,24,'10','21/35','66/70','76/77','0','0','0',45,26628,18000,65,0.1,0.861,0,'2025-01-05 07:16:32'),(6036,83,'2024-12-31',NULL,0,'0','0','0','0','0','0','0',0,37331,0,70.4,0,0.873,14,'2025-01-05 07:16:32'),(6037,84,'2024-12-31',4,24,'16','23','74','114','125','0','0',145,29627,17800,88,0.1,0.861,0,'2025-01-05 07:16:32'),(6038,85,'2024-12-31',4,24,'9','13/14','30/31','35/36','0','0','0',6,16334,8000,0,0,0.873,0,'2025-01-05 07:16:32'),(6039,86,'2024-12-31',4,24,'7','19/20','37/38','43/44','0','0','0',6,18986,12000,11,0,0.873,0,'2025-01-05 07:16:32'),(6040,87,'2024-12-31',NULL,0,'0','0','0','0','0','0','0',0,18261,0,6.5,0.1,0.873,12,'2025-01-05 07:16:32'),(6041,88,'2024-12-31',4,24,'8','20/25','38/40','47/49','0','0','0',8,18000,10000,15,0.1,0.873,0,'2025-01-05 07:16:32'),(6042,89,'2024-12-31',4,24,'7','19/24','43/44','62/63','0','0','0',6,17866,11000,15,0.1,0.873,0,'2025-01-05 07:16:32'),(6043,90,'2024-12-31',4,24,'7','24/26','39/41','41/42','10','0','0',7,20068,15700,85,0.1,0.873,0,'2025-01-05 07:16:32'),(6044,91,'2024-12-31',NULL,0,'0','0','0','0','0','0','0',0,0,0,0,0,0,0,'2025-01-05 07:16:32'),(6045,92,'2024-12-31',NULL,0,'0','0','0','0','0','0','0',0,0,0,0,0,0,0,'2025-01-05 07:16:32'),(6046,93,'2024-12-31',NULL,0,'0','0','0','0','0','0','0',0,0,0,0,0,0,0,'2025-01-05 07:16:32'),(6047,94,'2024-12-31',NULL,0,'0','0','0','0','0','0','0',0,0,0,0,0,0,0,'2025-01-05 07:16:32'),(6048,95,'2024-12-31',NULL,0,'0','0','0','0','0','0','0',0,0,0,0,0,0,0,'2025-01-05 07:16:32'),(6049,96,'2024-12-31',NULL,0,'0','0','0','0','0','0','0',0,0,0,0,0,0,0,'2025-01-05 07:16:32'),(6050,97,'2024-12-31',NULL,0,'0','0','0','0','0','0','0',0,0,0,0,0,0,0,'2025-01-05 07:16:32'),(6051,98,'2024-12-31',NULL,0,'0','0','0','0','0','0','0',0,0,0,0,0,0,0,'2025-01-05 07:16:32'),(6052,99,'2024-12-31',NULL,0,'0','0','0','0','0','0','0',0,0,0,0,0,0,0,'2025-01-05 07:16:32'),(6053,100,'2024-12-31',NULL,0,'0','0','0','0','0','0','0',0,0,0,0,0,0,0,'2025-01-05 07:16:32'),(6054,101,'2024-12-31',NULL,0,'0','0','0','0','0','0','0',0,0,0,0,0,0,0,'2025-01-05 07:16:32'),(6055,102,'2024-12-31',7,24,'15','36','0','86/87','6','13','0',6,106000,0,17,0,0.851,0,'2025-01-05 07:16:33'),(6056,103,'2024-12-31',7,24,'8','40/41','0','+T29','6','13','0',108,8100,0,0,0,0.9,0,'2025-01-05 07:16:33'),(6057,104,'2024-12-31',7,24,'12','42/43','96/97','170','0','84','78/2',188,29700,17000,73,0.1,0.855,0,'2025-01-05 07:16:33'),(6058,105,'2024-12-31',7,24,'8','50/54','96/98','129','14','2','0',74,22000,16000,42,0.1,0.855,0,'2025-01-05 07:16:33'),(6059,106,'2024-12-31',7,24,'12','52/54','106/108','110','38','43','0',167,42700,20000,48,0.1,0.855,0,'2025-01-05 07:16:33'),(6060,107,'2024-12-31',7,24,'13','40/48','81/82','94/95','27','8','0',109,57100,25000,60,0.1,0.861,0,'2025-01-05 07:16:33'),(6061,108,'2024-12-31',7,24,'11','47/55','98/99','168','0','25','25',169,32200,16000,40,0.1,0.855,0,'2025-01-05 07:16:33'),(6062,109,'2024-12-31',7,24,'3/8/13','145/146','0','105','20','0','9',1,94000,0,0,0,0.755,0,'2025-01-05 07:16:33'),(6063,110,'2024-12-31',7,24,'10','71/73','106/108','114','0','14','13',134,53000,3000,35,0.1,0.9,0,'2025-01-05 07:16:33'),(6064,111,'2024-12-31',7,24,'7','63/80','109/111','129','5','40','2',63,30800,15000,34,0.1,0.855,0,'2025-01-05 07:16:33'),(6065,112,'2024-12-31',NULL,0,'0','0','0','0','0','0','0',0,46700,0,0,0,0.873,148,'2025-01-05 07:16:33'),(6066,113,'2024-12-31',7,24,'10,5','65/66','100','122','0','28','24',156,43300,0,0,0,0.9,0,'2025-01-05 07:16:33'),(6067,114,'2024-12-31',7,24,'10','60/70','118/120','163','30','20','24',177,32000,15000,42,0.2,0.9,0,'2025-01-05 07:16:33'),(6068,115,'2024-12-31',7,24,'10/19','71','76','79','0','24','4',10,101000,0,0,0,0.873,0,'2025-01-05 07:16:33'),(6069,116,'2024-12-31',7,24,'14','20/44','79/82','89/90','5','25','18',129,36000,27000,48,0.1,0.861,0,'2025-01-05 07:16:33'),(6070,117,'2024-12-31',7,24,'12','32/40','55/56','124/125','14','14','25',228,22700,2000,60,0.1,0.881,0,'2025-01-05 07:16:33'),(6071,118,'2024-12-31',7,24,'12','35/47','69/71','79/81','14','13','2',110,40900,30000,75,0.1,0.861,0,'2025-01-05 07:16:33'),(6072,119,'2024-12-31',7,24,'12','33/53','66/72','76/80','52','0','0',87,50200,33000,43,0.1,0.861,0,'2025-01-05 07:16:33'),(6073,120,'2024-12-31',7,24,'12/15','145/146','158','160','40','15','16',8,305000,0,0,0,0.76,0,'2025-01-05 07:16:33'),(6074,121,'2024-12-31',NULL,0,'0','0','0','0','0','0','0',0,14500,0,39.6,0,0.861,61,'2025-01-05 07:16:33'),(6075,122,'2024-12-31',7,24,'8','40/58','0','138','66','13','23',105,16200,6000,40,0.2,0.9,0,'2025-01-05 07:16:33'),(6076,123,'2024-12-31',NULL,0,'0','0','0','0','0','0','0',0,0,0,10.3,0,0.873,17,'2025-01-05 07:16:33'),(6077,124,'2024-12-31',7,24,'12','58/60','83/84','84/85','25','37','34',15,114800,0,10,0.1,0.873,0,'2025-01-05 07:16:33'),(6078,125,'2024-12-31',7,24,'13','32/39','68/70','87/88','47','28','11',83,44000,32000,40,0.1,0.861,0,'2025-01-05 07:16:33'),(6079,126,'2024-12-31',7,24,'8','65/67','0','125','0','17','14',83,27700,15000,1,0,0.855,0,'2025-01-05 07:16:33'),(6080,127,'2024-12-31',7,24,'9','42/43','0','78','0','17','14',31,31500,18000,0,0,0.861,0,'2025-01-05 07:16:33'),(6081,128,'2024-12-31',7,24,'11','80/84','114/116','136/137','20','0','3',159,68600,0,0,0,0.9,0,'2025-01-05 07:16:33'),(6082,129,'2024-12-31',7,24,'8','60/84','98/104','132','0','15','15',63,33000,30000,20,0.3,0.861,0,'2025-01-05 07:16:33'),(6083,130,'2024-12-31',7,24,'9','53/64','105/107','170','64','16','17',105,32000,15000,60,0.1,0.855,0,'2025-01-05 07:16:33'),(6084,131,'2024-12-31',7,24,'7','50/51','0','132','0','15','34/30',60,15000,8000,53,0.1,0.855,0,'2025-01-05 07:16:33'),(6085,132,'2024-12-31',7,24,'7','44/45','0','142','0','15','34/30',81,9200,0,0,0,0.9,0,'2025-01-05 07:16:33'),(6086,133,'2024-12-31',NULL,0,'0','0','0','0','0','0','0',0,0,0,57.8,0,0.855,43,'2025-01-05 07:16:35'),(6087,134,'2024-12-31',NULL,0,'0','0','0','0','0','0','0',0,0,0,83.3,0,0.855,1,'2025-01-05 07:16:35'),(6088,135,'2024-12-31',8,24,'14','28/31','93/94','137','6','0','2',212,34400,20000,65.09,0.1,0.855,0,'2025-01-05 07:16:35'),(6089,136,'2024-12-31',8,24,'7','35/44','84/85','82/83','6','0','14',68,16500,9000,57.35,0.1,0.855,0,'2025-01-05 07:16:35'),(6090,137,'2024-12-31',8,24,'12','26/27','36','49/50','17','0','0',35,35100,28000,2.857,0,0.855,0,'2025-01-05 07:16:35'),(6091,138,'2024-12-31',8,24,'17','24/25','37/38','49/50','38','14','0',48,50000,0,2,0,0.873,0,'2025-01-05 07:16:35'),(6092,139,'2024-12-31',NULL,0,'0','0','0','0','0','0','0',0,0,0,98,0,0.733,1,'2025-01-05 07:16:35'),(6093,140,'2024-12-31',8,24,'16','32/34','97/98','104','32','7','0',276,31000,15000,68.11,0,0.855,0,'2025-01-05 07:16:35'),(6094,141,'2024-12-31',8,24,'11','40/56','81/82','81/82','53','2','0',128,40300,25000,38.2,0.2,0.9,0,'2025-01-05 07:16:35'),(6095,142,'2024-12-31',13,24,'10/15','143/146','148/149','100/70','15','0','0',12,150000,0,8,0,0.76,0,'2025-01-05 07:16:35'),(6096,143,'2024-12-31',13,24,'14','32/33','81/82','96','100','0','0',216,28900,18000,80.09,0.1,0.855,0,'2025-01-05 07:16:35'),(6097,144,'2024-12-31',8,24,'15','30/57','93','104/105','0','7','0',235,59800,40000,34.89,0.1,0.855,0,'2025-01-05 07:16:35'),(6098,145,'2024-12-31',13,24,'14','43/44','55/56','55/56','0','10','0',13,105000,0,8,0,0.873,0,'2025-01-05 07:16:35'),(6099,147,'2024-12-31',3,24,'17','40/45','0','40/43','8','21','0',175,80700,0,0,0,0.861,0,'2025-01-05 07:16:35'),(6100,149,'2024-12-31',8,24,'16','23/24','55/56','128','128','4','0',148,29800,26000,74.3243,0.1,0.855,0,'2025-01-05 07:16:35'),(6101,150,'2024-12-31',8,24,'17','26/37','69/70','76/77','29','3','0',234,52300,19000,21.79,0.1,0.855,0,'2025-01-05 07:16:35'),(6102,151,'2024-12-31',NULL,0,'0','0','0','0','0','0','0',0,37910,0,59.5,0,0.855,53,'2025-01-05 07:16:35'),(6103,152,'2024-12-31',8,24,'11','45/55','89/91','87/89','3','19','0',137,45900,19000,43.795,0.1,0.855,0,'2025-01-05 07:16:35'),(6104,153,'2024-12-31',8,24,'17','22/23','45/46','63','55','6','0',70,51700,0,0,0,0.873,0,'2025-01-05 07:16:35'),(6105,154,'2024-12-31',8,24,'17','24/26','80/81','84','85','11','0',227,33500,22000,74,0,0.855,0,'2025-01-05 07:16:35'),(6106,155,'2024-12-31',8,24,'17','18/20','43/44','48','16','8','0',23,33500,26000,4.2,0,0.873,0,'2025-01-05 07:16:35'),(6107,156,'2024-12-31',NULL,0,'0','0','0','0','0','0','0',0,0,0,20,0,0.861,36,'2025-01-05 07:16:35'),(6108,157,'2024-12-31',NULL,0,'0','0','0','0','0','0','0',0,0,0,15,0,0.9,17,'2025-01-05 07:16:35'),(6109,158,'2024-12-31',13,24,'11','60/61','115','150','18','31','0',225,26800,0,27.1,0.2,0.9,0,'2025-01-05 07:16:35'),(6110,159,'2024-12-31',8,24,'17','21/23','0','58','0','0','0',68,31000,17000,0,0,0.861,0,'2025-01-05 07:16:35'),(6111,160,'2024-12-31',8,24,'11','58/60','93/95','95/96','0','0','0',141,42300,22000,85.1,0.1,0.9,0,'2025-01-05 07:16:35'),(6112,161,'2024-12-31',NULL,0,'0','0','0','0','0','0','0',0,0,0,0,0,0,0,'2025-01-05 07:16:35'),(6113,162,'2024-12-31',NULL,0,'0','0','0','0','0','0','0',0,0,0,0,0,0,0,'2025-01-05 07:16:35'),(6114,163,'2024-12-31',NULL,0,'0','0','0','0','0','0','0',0,25200,0,68.5,0,0.8725,3,'2025-01-05 07:16:36'),(6115,164,'2024-12-31',2,24,'13','20','22','36','0','0','0',1,22,0,0,0,0.851,0,'2025-01-05 07:16:36'),(6116,165,'2024-12-31',2,4,'8','22','22','40','0','0','0',0,11,10,50,0,0.8725,1,'2025-01-05 07:16:36'),(6117,166,'2024-12-31',2,24,'8','25','39','51','0','0','8',7,19,14,13,0,0.8725,0,'2025-01-05 07:16:36'),(6118,167,'2024-12-31',2,24,'11','24','43','73','0','0','20',8,22,18,30,0.1,0.8725,0,'2025-01-05 07:16:36'),(6119,168,'2024-12-31',NULL,0,'0','0','0','0','0','0','0',0,0,0,0,0,0.851,0,'2025-01-05 07:16:36'),(6120,169,'2024-12-31',NULL,0,'0','0','0','0','0','0','0',0,0,0,0,0,0.851,0,'2025-01-05 07:16:36'),(6121,170,'2024-12-31',NULL,0,'0','0','0','0','0','0','0',0,0,0,0,0,0.851,0,'2025-01-05 07:16:36'),(6122,171,'2024-12-31',NULL,0,'0','0','0','0','0','0','0',0,0,0,0,0,0.851,0,'2025-01-05 07:16:36'),(6123,172,'2024-12-31',NULL,0,'0','0','0','0','0','0','0',0,0,0,0,0,0.851,0,'2025-01-05 07:16:36'),(6124,173,'2024-12-31',NULL,0,'0','0','0','0','0','0','0',0,0,0,0,0,0.851,0,'2025-01-05 07:16:36'),(6125,174,'2024-12-31',2,0,'0','0','0','0','0','0','0',0,0,0,0,0,0.851,0,'2025-01-05 07:16:36');
/*!40000 ALTER TABLE `daily_well_parameters` ENABLE KEYS */;
UNLOCK TABLES;

--
-- Table structure for table `fields`
--

DROP TABLE IF EXISTS `fields`;
/*!40101 SET @saved_cs_client     = @@character_set_client */;
/*!50503 SET character_set_client = utf8mb4 */;
CREATE TABLE `fields` (
  `id` int NOT NULL AUTO_INCREMENT,
  `name` varchar(255) NOT NULL,
  `ogpd_id` int NOT NULL,
  PRIMARY KEY (`id`),
  UNIQUE KEY `unique_field` (`name`,`ogpd_id`),
  KEY `ogpd_id` (`ogpd_id`),
  CONSTRAINT `fields_ibfk_1` FOREIGN KEY (`ogpd_id`) REFERENCES `ogpd` (`id`)
) ENGINE=InnoDB AUTO_INCREMENT=2 DEFAULT CHARSET=utf8mb4 COLLATE=utf8mb4_0900_ai_ci;
/*!40101 SET character_set_client = @saved_cs_client */;

--
-- Dumping data for table `fields`
--

LOCK TABLES `fields` WRITE;
/*!40000 ALTER TABLE `fields` DISABLE KEYS */;
INSERT INTO `fields` VALUES (1,'SWG',1);
/*!40000 ALTER TABLE `fields` ENABLE KEYS */;
UNLOCK TABLES;

--
-- Table structure for table `flowmeter`
--

DROP TABLE IF EXISTS `flowmeter`;
/*!40101 SET @saved_cs_client     = @@character_set_client */;
/*!50503 SET character_set_client = utf8mb4 */;
CREATE TABLE `flowmeter` (
  `id` int NOT NULL AUTO_INCREMENT,
  `platform_id` int NOT NULL,
  `report_date` date NOT NULL,
  `reading1` int DEFAULT NULL,
  `reading2` int DEFAULT NULL,
  `reading3` int DEFAULT NULL,
  `reading4` int DEFAULT NULL,
  `calibration_date` date DEFAULT NULL,
  `created_at` timestamp NULL DEFAULT CURRENT_TIMESTAMP,
  PRIMARY KEY (`id`),
  UNIQUE KEY `unique_flowmeter` (`platform_id`,`report_date`),
  CONSTRAINT `flowmeter_ibfk_1` FOREIGN KEY (`platform_id`) REFERENCES `platforms` (`id`)
) ENGINE=InnoDB AUTO_INCREMENT=40 DEFAULT CHARSET=utf8mb4 COLLATE=utf8mb4_0900_ai_ci;
/*!40101 SET character_set_client = @saved_cs_client */;

--
-- Dumping data for table `flowmeter`
--

LOCK TABLES `flowmeter` WRITE;
/*!40000 ALTER TABLE `flowmeter` DISABLE KEYS */;
INSERT INTO `flowmeter` VALUES (34,11,'2024-12-31',92217,95299,93006,96088,'2024-10-01','2025-01-05 07:16:21'),(35,1,'2024-12-31',NULL,1195,NULL,1594,'2020-01-01','2025-01-05 07:16:26'),(36,2,'2024-12-31',NULL,3463,NULL,3489,'2020-01-01','2025-01-05 07:16:28'),(37,3,'2024-12-31',NULL,3976,NULL,4005,'2020-01-01','2025-01-05 07:16:29'),(38,6,'2024-12-31',NULL,2623,NULL,2620,'2020-01-01','2025-01-05 07:16:33'),(39,7,'2024-12-31',385907,387996,386430,388518,'2020-01-01','2025-01-05 07:16:34');
/*!40000 ALTER TABLE `flowmeter` ENABLE KEYS */;
UNLOCK TABLES;

--
-- Table structure for table `horizons`
--

DROP TABLE IF EXISTS `horizons`;
/*!40101 SET @saved_cs_client     = @@character_set_client */;
/*!50503 SET character_set_client = utf8mb4 */;
CREATE TABLE `horizons` (
  `id` int NOT NULL AUTO_INCREMENT,
  `name` varchar(255) NOT NULL,
  PRIMARY KEY (`id`),
  UNIQUE KEY `unique_horizon` (`name`)
) ENGINE=InnoDB AUTO_INCREMENT=33 DEFAULT CHARSET=utf8mb4 COLLATE=utf8mb4_0900_ai_ci;
/*!40101 SET character_set_client = @saved_cs_client */;

--
-- Dumping data for table `horizons`
--

LOCK TABLES `horizons` WRITE;
/*!40000 ALTER TABLE `horizons` DISABLE KEYS */;
INSERT INTO `horizons` VALUES (11,'BLD_IX'),(14,'BLD_IX+BLD_VIII'),(7,'BLD_V'),(6,'BLD_V+Sabunçu_IV'),(8,'BLD_VI'),(17,'BLD_VI+BLD_V'),(9,'BLD_VII'),(16,'BLD_VII+BLD_VI'),(10,'BLD_VIII'),(15,'BLD_VIII+BLD_VII'),(12,'BLD_X'),(13,'BLD_X+BLD_IX'),(30,'BLD_X+BLD_VIII'),(18,'FLD'),(19,'FLD+BLD_X'),(26,'QA'),(27,'QA+QD'),(32,'QA+QÜG'),(31,'QA+QÜQ'),(28,'QaLD'),(29,'QaLD+QA'),(24,'QD'),(25,'QD+QÜQ'),(20,'QÜG'),(21,'QÜG+FLD'),(22,'QÜQ'),(23,'QÜQ+QÜG'),(1,'Sabunçu_II'),(2,'Sabunçu_III'),(5,'Sabunçu_III+Sabunçu_II'),(3,'Sabunçu_IV'),(4,'Sabunçu_IV+Sabunçu_III');
/*!40000 ALTER TABLE `horizons` ENABLE KEYS */;
UNLOCK TABLES;

--
-- Table structure for table `laboratory_results`
--

DROP TABLE IF EXISTS `laboratory_results`;
/*!40101 SET @saved_cs_client     = @@character_set_client */;
/*!50503 SET character_set_client = utf8mb4 */;
CREATE TABLE `laboratory_results` (
  `id` int NOT NULL AUTO_INCREMENT,
  `well_id` int NOT NULL,
  `last_lab_date` date DEFAULT NULL,
  `water_cut` float DEFAULT NULL,
  `mechanical_impurities` float DEFAULT NULL,
  `created_at` timestamp NULL DEFAULT CURRENT_TIMESTAMP,
  PRIMARY KEY (`id`),
  UNIQUE KEY `unique_laboratory_result` (`well_id`,`last_lab_date`),
  CONSTRAINT `laboratory_results_ibfk_1` FOREIGN KEY (`well_id`) REFERENCES `wells` (`id`)
) ENGINE=InnoDB AUTO_INCREMENT=6126 DEFAULT CHARSET=utf8mb4 COLLATE=utf8mb4_0900_ai_ci;
/*!40101 SET character_set_client = @saved_cs_client */;

--
-- Dumping data for table `laboratory_results`
--

LOCK TABLES `laboratory_results` WRITE;
/*!40000 ALTER TABLE `laboratory_results` DISABLE KEYS */;
INSERT INTO `laboratory_results` VALUES (5760,175,'2024-12-26',51,0.2,'2025-01-05 07:16:17'),(5761,176,'2024-12-25',74,0.5,'2025-01-05 07:16:17'),(5762,177,'2023-09-16',2.3,0,'2025-01-05 07:16:17'),(5763,178,'2024-12-26',0,0,'2025-01-05 07:16:17'),(5764,179,'2024-12-25',0,0.1,'2025-01-05 07:16:17'),(5765,180,'2024-12-26',6,0,'2025-01-05 07:16:17'),(5766,181,'2024-12-25',0,0.2,'2025-01-05 07:16:17'),(5767,182,'2024-12-22',56,0.1,'2025-01-05 07:16:18'),(5768,183,'2024-12-25',85,0.1,'2025-01-05 07:16:18'),(5769,184,'2024-12-25',7,0,'2025-01-05 07:16:18'),(5770,185,'2024-12-26',50,0.1,'2025-01-05 07:16:18'),(5771,186,'2024-12-26',71,0.1,'2025-01-05 07:16:18'),(5772,187,'2024-12-25',0,0,'2025-01-05 07:16:18'),(5773,188,'2024-12-26',0,0,'2025-01-05 07:16:18'),(5774,189,'2024-12-25',90,0.3,'2025-01-05 07:16:18'),(5775,190,'2024-12-26',0,0,'2025-01-05 07:16:18'),(5776,191,'2024-12-25',76,0.1,'2025-01-05 07:16:18'),(5777,192,'2024-12-25',97,0.2,'2025-01-05 07:16:18'),(5778,193,'2024-12-26',77,0,'2025-01-05 07:16:18'),(5779,194,'2024-12-26',0,0.1,'2025-01-05 07:16:18'),(5780,195,'1899-12-31',0,0,'2025-01-05 07:16:18'),(5781,196,'1899-12-31',0,0,'2025-01-05 07:16:18'),(5782,197,'1899-12-31',0,0,'2025-01-05 07:16:18'),(5783,198,'1899-12-31',0,0,'2025-01-05 07:16:18'),(5784,199,'1899-12-31',0,0,'2025-01-05 07:16:18'),(5785,200,'1899-12-31',0,0,'2025-01-05 07:16:18'),(5786,201,'1899-12-31',0,0,'2025-01-05 07:16:18'),(5787,202,'1899-12-30',0,0,'2025-01-05 07:16:18'),(5788,203,'1899-12-31',0,0,'2025-01-05 07:16:18'),(5789,204,'1899-12-31',0,0,'2025-01-05 07:16:18'),(5790,205,'1899-12-31',0,0,'2025-01-05 07:16:18'),(5791,206,'2024-12-27',35,0.2,'2025-01-05 07:16:19'),(5792,207,'2024-12-27',81,0.1,'2025-01-05 07:16:19'),(5793,208,'2024-12-27',0,0,'2025-01-05 07:16:19'),(5794,209,'2024-12-27',0,0,'2025-01-05 07:16:19'),(5795,210,'2024-12-27',0,0,'2025-01-05 07:16:19'),(5796,211,'2024-12-27',52,0.1,'2025-01-05 07:16:19'),(5797,212,'2024-12-28',100,0,'2025-01-05 07:16:19'),(5798,213,'2024-12-27',66,0.1,'2025-01-05 07:16:19'),(5799,214,'2024-12-27',3,0.1,'2025-01-05 07:16:19'),(5800,215,'2024-12-28',100,0,'2025-01-05 07:16:19'),(5801,216,'2024-12-27',35,0.1,'2025-01-05 07:16:19'),(5802,217,'2024-12-27',0,0,'2025-01-05 07:16:19'),(5803,218,'2024-12-27',0,0,'2025-01-05 07:16:19'),(5804,219,'2024-12-27',17,0.1,'2025-01-05 07:16:19'),(5805,220,'2019-12-26',53.125,0.1,'2025-01-05 07:16:19'),(5806,221,'2024-12-27',35,0.1,'2025-01-05 07:16:19'),(5807,222,'2021-09-11',100,0,'2025-01-05 07:16:19'),(5808,223,'2024-12-27',0,0,'2025-01-05 07:16:19'),(5809,224,'2024-12-27',3,0,'2025-01-05 07:16:19'),(5810,225,'2024-12-27',48,0.1,'2025-01-05 07:16:19'),(5811,226,'2024-10-14',45.5,0.1,'2025-01-05 07:16:19'),(5812,227,'2021-06-21',41,0.1,'2025-01-05 07:16:19'),(5813,228,'2024-12-28',100,0,'2025-01-05 07:16:19'),(5814,229,'2024-12-27',13,0.1,'2025-01-05 07:16:19'),(5815,230,'2024-12-27',25,0.1,'2025-01-05 07:16:19'),(5816,231,'2024-12-27',87,0.1,'2025-01-05 07:16:19'),(5817,232,'2024-12-27',2,0,'2025-01-05 07:16:19'),(5818,233,'2021-06-28',40,0.1,'2025-01-05 07:16:19'),(5819,234,'2024-12-27',6,0,'2025-01-05 07:16:19'),(5820,235,'2024-12-27',35,0.1,'2025-01-05 07:16:19'),(5821,236,'2024-12-27',68,0.3,'2025-01-05 07:16:19'),(5822,237,'2021-12-27',53,0.1,'2025-01-05 07:16:19'),(5823,238,'2024-12-27',0,0,'2025-01-05 07:16:19'),(5824,239,'2024-12-27',32,0.1,'2025-01-05 07:16:19'),(5825,240,'2024-12-27',50,0.1,'2025-01-05 07:16:19'),(5826,241,'1899-12-31',0,0,'2025-01-05 07:16:19'),(5827,242,'1899-12-31',0,0,'2025-01-05 07:16:19'),(5828,243,'1899-12-31',0,0,'2025-01-05 07:16:19'),(5829,244,'2024-12-19',73,0.1,'2025-01-05 07:16:21'),(5830,245,'2024-12-19',53,0.3,'2025-01-05 07:16:21'),(5831,246,'2024-12-22',32,0.1,'2025-01-05 07:16:21'),(5832,247,'2024-12-19',20,0.1,'2025-01-05 07:16:21'),(5833,248,'2024-12-20',76,0.4,'2025-01-05 07:16:21'),(5834,249,'2024-12-19',0,0.1,'2025-01-05 07:16:21'),(5835,250,'2024-12-18',31,0.1,'2025-01-05 07:16:21'),(5836,251,'2024-12-22',20,0.1,'2025-01-05 07:16:21'),(5837,252,'2024-12-19',35,0.1,'2025-01-05 07:16:21'),(5838,253,'2024-12-23',83,0.1,'2025-01-05 07:16:21'),(5839,254,'2024-12-20',65,0.1,'2025-01-05 07:16:21'),(5840,255,'2024-10-01',67,0.1,'2025-01-05 07:16:21'),(5841,256,'2024-12-23',70,0.1,'2025-01-05 07:16:21'),(5842,257,'2024-12-19',0,0,'2025-01-05 07:16:21'),(5843,258,'2024-12-21',33,0.1,'2025-01-05 07:16:21'),(5844,259,'2024-12-25',100,0,'2025-01-05 07:16:21'),(5845,260,'2024-12-17',0,0,'2025-01-05 07:16:21'),(5846,261,'2024-12-18',0,0,'2025-01-05 07:16:21'),(5847,262,'2024-12-24',0,0,'2025-01-05 07:16:21'),(5848,263,'2024-12-24',72,0.1,'2025-01-05 07:16:21'),(5849,264,'2024-12-29',5,0.2,'2025-01-05 07:16:21'),(5850,265,'2024-12-19',4,0,'2025-01-05 07:16:21'),(5851,266,'2024-12-23',0,0.1,'2025-01-05 07:16:21'),(5852,267,'2024-12-19',67.01,0.1,'2025-01-05 07:16:21'),(5853,268,'2024-12-19',48,0.1,'2025-01-05 07:16:21'),(5854,269,'2024-12-20',42.71,0.1,'2025-01-05 07:16:21'),(5855,270,'2024-12-24',0,0.1,'2025-01-05 07:16:21'),(5856,271,'2024-11-01',63,0.1,'2025-01-05 07:16:21'),(5857,272,'2024-12-26',23,0.1,'2025-01-05 07:16:21'),(5858,273,'2024-12-19',39.42,0.1,'2025-01-05 07:16:21'),(5859,274,'2016-01-31',0,0,'2025-01-05 07:16:21'),(5860,275,'2024-12-19',95,0.1,'2025-01-05 07:16:22'),(5861,276,'2024-12-27',50,0.1,'2025-01-05 07:16:22'),(5862,277,'2024-12-27',28,0.1,'2025-01-05 07:16:22'),(5863,278,'2024-12-27',59,0.1,'2025-01-05 07:16:22'),(5864,279,'2024-02-10',50,0,'2025-01-05 07:16:22'),(5865,280,'2024-12-27',45,0.1,'2025-01-05 07:16:22'),(5866,281,'2024-12-06',80,0.1,'2025-01-05 07:16:22'),(5867,282,'2024-12-06',10,0.1,'2025-01-05 07:16:22'),(5868,283,'2024-12-12',85,0.1,'2025-01-05 07:16:22'),(5869,284,'2024-12-28',60,0.1,'2025-01-05 07:16:22'),(5870,285,'2024-12-27',65,0,'2025-01-05 07:16:22'),(5871,286,'2023-04-23',14,0,'2025-01-05 07:16:22'),(5872,287,'2024-02-10',0,0,'2025-01-05 07:16:22'),(5873,288,'2024-12-13',0,0,'2025-01-05 07:16:22'),(5874,289,'2023-12-29',80.1,0,'2025-01-05 07:16:22'),(5875,290,'2024-12-27',35,0,'2025-01-05 07:16:22'),(5876,291,'2024-12-27',12,0,'2025-01-05 07:16:22'),(5877,292,'2024-12-06',20,0.1,'2025-01-05 07:16:22'),(5878,293,'2024-12-27',5,0,'2025-01-05 07:16:22'),(5879,294,'2024-12-06',50,0.1,'2025-01-05 07:16:22'),(5880,295,'2024-12-27',3,0,'2025-01-05 07:16:22'),(5881,296,'2024-12-06',88,0.2,'2025-01-05 07:16:22'),(5882,297,'2024-12-06',71,0.1,'2025-01-05 07:16:22'),(5883,298,'2024-12-27',37,0.1,'2025-01-05 07:16:22'),(5884,299,'2024-12-30',27,0.1,'2025-01-05 07:16:22'),(5885,300,'2024-12-28',64,0.1,'2025-01-05 07:16:23'),(5886,301,'2024-12-28',35,0.1,'2025-01-05 07:16:23'),(5887,302,'2024-12-28',1,0,'2025-01-05 07:16:23'),(5888,303,'2024-12-28',60,0,'2025-01-05 07:16:23'),(5889,304,'2024-12-06',5,0,'2025-01-05 07:16:23'),(5890,305,'2024-12-06',20,0,'2025-01-05 07:16:23'),(5891,306,'2024-12-28',48,0,'2025-01-05 07:16:23'),(5892,307,'2024-12-28',0,0,'2025-01-05 07:16:23'),(5893,308,'2024-12-28',12,0.1,'2025-01-05 07:16:23'),(5894,309,'2024-12-28',56,0,'2025-01-05 07:16:23'),(5895,310,'2024-12-28',83,0.1,'2025-01-05 07:16:23'),(5896,311,'2024-12-28',56,0,'2025-01-05 07:16:23'),(5897,352,'2019-12-29',80,0.1,'2025-01-05 07:16:23'),(5898,353,'1899-12-31',0,0,'2025-01-05 07:16:23'),(5899,354,'1899-12-31',0,0,'2025-01-05 07:16:23'),(5900,355,'1899-12-31',0,0,'2025-01-05 07:16:23'),(5901,356,'1899-12-31',0,0,'2025-01-05 07:16:23'),(5902,357,'1899-12-31',0,0,'2025-01-05 07:16:23'),(5903,358,'1899-12-31',0,0,'2025-01-05 07:16:23'),(5904,359,'1899-12-31',0,0,'2025-01-05 07:16:23'),(5905,360,'1899-12-31',0,0,'2025-01-05 07:16:23'),(5906,312,'2024-12-31',100,0,'2025-01-05 07:16:24'),(5907,313,'2024-12-13',33,0,'2025-01-05 07:16:24'),(5908,314,'2024-12-31',100,0,'2025-01-05 07:16:24'),(5909,315,'2024-08-05',20,0,'2025-01-05 07:16:24'),(5910,316,'2024-12-26',73.4,0,'2025-01-05 07:16:24'),(5911,317,'2024-12-27',4.1,0,'2025-01-05 07:16:24'),(5912,318,'2024-12-18',43.8,0,'2025-01-05 07:16:24'),(5913,319,'2024-12-16',8.1,0.2,'2025-01-05 07:16:24'),(5914,320,'2024-12-16',36.4,0.1,'2025-01-05 07:16:24'),(5915,321,'2024-12-17',8.4,0,'2025-01-05 07:16:24'),(5916,322,'2024-12-17',4.3,0,'2025-01-05 07:16:24'),(5917,323,'2024-12-31',100,0,'2025-01-05 07:16:24'),(5918,324,'2024-12-16',8.3,0,'2025-01-05 07:16:24'),(5919,325,'2024-12-16',48.1,0.1,'2025-01-05 07:16:24'),(5920,326,'2024-12-22',0,0,'2025-01-05 07:16:24'),(5921,327,'2024-12-22',24.9,0.1,'2025-01-05 07:16:24'),(5922,328,'2024-12-16',1.5,0,'2025-01-05 07:16:24'),(5923,329,'2022-05-13',9.3,0,'2025-01-05 07:16:24'),(5924,330,'2024-12-22',1.59,0,'2025-01-05 07:16:24'),(5925,331,'2024-12-22',0,0,'2025-01-05 07:16:24'),(5926,332,'2024-12-22',1.9,0.1,'2025-01-05 07:16:24'),(5927,347,'1899-12-31',0,0,'2025-01-05 07:16:24'),(5928,348,'1899-12-31',0,0,'2025-01-05 07:16:24'),(5929,349,'1899-12-31',0,0,'2025-01-05 07:16:24'),(5930,350,'1899-12-31',0,0,'2025-01-05 07:16:24'),(5931,351,'1899-12-31',0,0,'2025-01-05 07:16:24'),(5932,333,'2024-12-26',80,0.1,'2025-01-05 07:16:25'),(5933,334,'2024-12-24',2,0.1,'2025-01-05 07:16:25'),(5934,335,'2024-08-22',100,0,'2025-01-05 07:16:25'),(5935,336,'2024-12-26',78,0.1,'2025-01-05 07:16:25'),(5936,337,'2024-12-26',70,0.1,'2025-01-05 07:16:25'),(5937,339,'2024-12-25',10,0.1,'2025-01-05 07:16:25'),(5938,340,'2024-12-25',10,0.1,'2025-01-05 07:16:25'),(5939,341,'2024-12-29',44,0.1,'2025-01-05 07:16:25'),(5940,342,'2024-12-28',20,0.1,'2025-01-05 07:16:25'),(5941,343,'2024-12-28',2,0.1,'2025-01-05 07:16:25'),(5942,344,'2024-12-25',16,0.1,'2025-01-05 07:16:25'),(5943,345,'1899-12-31',0,0,'2025-01-05 07:16:25'),(5944,346,'2022-09-16',99.2,0,'2025-01-05 07:16:25'),(5945,1,'2024-12-28',26,0.1,'2025-01-05 07:16:26'),(5946,2,'2024-12-28',64,0.1,'2025-01-05 07:16:27'),(5947,3,'2024-12-28',0,0,'2025-01-05 07:16:27'),(5948,4,'2024-12-28',35,0.1,'2025-01-05 07:16:27'),(5949,5,'2024-12-28',0,0,'2025-01-05 07:16:27'),(5950,6,'2024-12-28',30,0,'2025-01-05 07:16:27'),(5951,7,'2024-12-28',10,0.1,'2025-01-05 07:16:27'),(5952,8,'2024-12-28',13,0,'2025-01-05 07:16:27'),(5953,9,'1899-12-31',0,0,'2025-01-05 07:16:27'),(5954,10,'1899-12-31',0,0,'2025-01-05 07:16:27'),(5955,11,'1899-12-31',0,0,'2025-01-05 07:16:27'),(5956,12,'1899-12-31',0,0,'2025-01-05 07:16:27'),(5957,13,'1899-12-31',0,0,'2025-01-05 07:16:27'),(5958,14,'2024-12-24',1,0,'2025-01-05 07:16:28'),(5959,15,'2022-03-03',32,0,'2025-01-05 07:16:28'),(5960,16,'2024-12-24',38,0.1,'2025-01-05 07:16:28'),(5961,17,'2024-12-18',99.8,0.1,'2025-01-05 07:16:28'),(5962,18,'2023-10-19',98,0,'2025-01-05 07:16:28'),(5963,19,'2024-12-24',74,0.2,'2025-01-05 07:16:28'),(5964,20,'2024-12-24',26,0.1,'2025-01-05 07:16:28'),(5965,21,'2024-12-18',58,0.1,'2025-01-05 07:16:28'),(5966,22,'2023-06-17',93.2,0,'2025-01-05 07:16:28'),(5967,23,'2024-03-03',0,0,'2025-01-05 07:16:28'),(5968,24,'2024-12-24',0.3,0.1,'2025-01-05 07:16:28'),(5969,25,'2024-12-24',76.2,0.1,'2025-01-05 07:16:28'),(5970,26,'2024-12-24',59,0.1,'2025-01-05 07:16:28'),(5971,27,'2024-12-24',50,0.1,'2025-01-05 07:16:28'),(5972,28,'2024-12-24',0.4,0,'2025-01-05 07:16:28'),(5973,361,'1899-12-31',0,0,'2025-01-05 07:16:28'),(5974,362,'1899-12-31',0,0,'2025-01-05 07:16:28'),(5975,363,'1899-12-31',0,0,'2025-01-05 07:16:28'),(5976,364,'1899-12-31',0,0,'2025-01-05 07:16:28'),(5977,365,'1899-12-31',0,0,'2025-01-05 07:16:28'),(5978,366,'1899-12-31',0,0,'2025-01-05 07:16:28'),(5979,367,'1899-12-31',0,0,'2025-01-05 07:16:28'),(5980,368,'1899-12-31',0,0,'2025-01-05 07:16:28'),(5981,369,'1899-12-31',0,0,'2025-01-05 07:16:28'),(5982,29,'2024-12-27',0,0,'2025-01-05 07:16:29'),(5983,30,'2024-12-27',54,0,'2025-01-05 07:16:29'),(5984,31,'2024-12-27',86,0,'2025-01-05 07:16:29'),(5985,32,'2020-11-15',40,0,'2025-01-05 07:16:29'),(5986,33,'2024-12-27',0,0,'2025-01-05 07:16:29'),(5987,34,'2024-12-27',0,0,'2025-01-05 07:16:29'),(5988,35,'2024-12-27',10,0,'2025-01-05 07:16:29'),(5989,36,'2024-12-27',1,0,'2025-01-05 07:16:29'),(5990,37,'2024-12-27',20,0,'2025-01-05 07:16:29'),(5991,38,'2024-12-27',90,0,'2025-01-05 07:16:29'),(5992,39,'1899-12-31',0,0,'2025-01-05 07:16:29'),(5993,40,'1899-12-31',0,0,'2025-01-05 07:16:29'),(5994,41,'1899-12-31',0,0,'2025-01-05 07:16:29'),(5995,42,'1899-12-31',0,0,'2025-01-05 07:16:29'),(5996,43,'1899-12-31',0,0,'2025-01-05 07:16:29'),(5997,44,'1899-12-31',0,0,'2025-01-05 07:16:29'),(5998,45,'1899-12-31',0,0,'2025-01-05 07:16:29'),(5999,46,'1899-12-31',0,0,'2025-01-05 07:16:29'),(6000,47,'1899-12-31',0,0,'2025-01-05 07:16:29'),(6001,48,'1899-12-31',0,0,'2025-01-05 07:16:29'),(6002,49,'2024-12-24',75,0.3,'2025-01-05 07:16:30'),(6003,50,'2024-12-31',100,0,'2025-01-05 07:16:30'),(6004,51,'2024-12-31',100,0,'2025-01-05 07:16:30'),(6005,52,'2024-12-24',2.2,0,'2025-01-05 07:16:30'),(6006,53,'2024-12-27',89.5,0.3,'2025-01-05 07:16:30'),(6007,54,'2024-12-22',100,0,'2025-01-05 07:16:30'),(6008,55,'2024-12-24',0,0,'2025-01-05 07:16:30'),(6009,56,'2024-12-24',0,0,'2025-01-05 07:16:30'),(6010,57,'2024-12-24',0,0,'2025-01-05 07:16:30'),(6011,58,'2024-12-24',0,0,'2025-01-05 07:16:30'),(6012,59,'2024-02-07',50,0,'2025-01-05 07:16:30'),(6013,60,'2024-07-21',50,0,'2025-01-05 07:16:30'),(6014,61,'2024-12-24',0,0,'2025-01-05 07:16:30'),(6015,62,'2024-12-24',42.4,0,'2025-01-05 07:16:31'),(6016,63,'2024-12-24',0,0,'2025-01-05 07:16:31'),(6017,64,'2024-12-24',71,0.1,'2025-01-05 07:16:31'),(6018,65,'2024-12-24',0,0,'2025-01-05 07:16:31'),(6019,66,'2024-12-27',40.2,0.1,'2025-01-05 07:16:31'),(6020,67,'2024-12-24',70,0,'2025-01-05 07:16:31'),(6021,68,'2024-12-27',50,0.1,'2025-01-05 07:16:31'),(6022,69,'2024-12-24',52,0.1,'2025-01-05 07:16:31'),(6023,70,'2024-12-24',40,0.1,'2025-01-05 07:16:31'),(6024,71,'2024-12-24',65.2,0.1,'2025-01-05 07:16:31'),(6025,72,'2024-12-24',46,0.1,'2025-01-05 07:16:31'),(6026,73,'1899-12-31',0,0,'2025-01-05 07:16:31'),(6027,74,'1899-12-31',0,0,'2025-01-05 07:16:31'),(6028,75,'1899-12-31',0,0,'2025-01-05 07:16:31'),(6029,76,'1899-12-31',0,0,'2025-01-05 07:16:31'),(6030,77,'1899-12-31',0,0,'2025-01-05 07:16:31'),(6031,78,'1899-12-31',0,0,'2025-01-05 07:16:31'),(6032,79,'1899-12-31',0,0,'2025-01-05 07:16:31'),(6033,80,'1899-12-31',0,0,'2025-01-05 07:16:31'),(6034,81,'2024-12-27',18,0.1,'2025-01-05 07:16:32'),(6035,82,'2024-12-27',65,0.1,'2025-01-05 07:16:32'),(6036,83,'2024-10-03',70.4,0,'2025-01-05 07:16:32'),(6037,84,'2024-12-27',88,0.1,'2025-01-05 07:16:32'),(6038,85,'2024-12-27',0,0,'2025-01-05 07:16:32'),(6039,86,'2024-12-27',11,0,'2025-01-05 07:16:32'),(6040,87,'2024-08-03',6.5,0.1,'2025-01-05 07:16:32'),(6041,88,'2024-12-27',15,0.1,'2025-01-05 07:16:32'),(6042,89,'2024-12-27',15,0.1,'2025-01-05 07:16:32'),(6043,90,'2024-12-27',85,0.1,'2025-01-05 07:16:32'),(6044,91,'1899-12-31',0,0,'2025-01-05 07:16:32'),(6045,92,'1899-12-31',0,0,'2025-01-05 07:16:32'),(6046,93,'1899-12-31',0,0,'2025-01-05 07:16:32'),(6047,94,'1899-12-31',0,0,'2025-01-05 07:16:32'),(6048,95,'1899-12-31',0,0,'2025-01-05 07:16:32'),(6049,96,'1899-12-31',0,0,'2025-01-05 07:16:32'),(6050,97,'1899-12-31',0,0,'2025-01-05 07:16:32'),(6051,98,'1899-12-31',0,0,'2025-01-05 07:16:32'),(6052,99,'1899-12-31',0,0,'2025-01-05 07:16:32'),(6053,100,'1899-12-31',0,0,'2025-01-05 07:16:32'),(6054,101,'1899-12-31',0,0,'2025-01-05 07:16:32'),(6055,102,'2024-12-19',17,0,'2025-01-05 07:16:33'),(6056,103,'2024-12-19',0,0,'2025-01-05 07:16:33'),(6057,104,'2024-12-19',73,0.1,'2025-01-05 07:16:33'),(6058,105,'2024-12-19',42,0.1,'2025-01-05 07:16:33'),(6059,106,'2024-12-19',48,0.1,'2025-01-05 07:16:33'),(6060,107,'2024-12-19',60,0.1,'2025-01-05 07:16:33'),(6061,108,'2024-12-19',40,0.1,'2025-01-05 07:16:33'),(6062,109,'2024-01-01',0,0,'2025-01-05 07:16:33'),(6063,110,'2024-12-19',35,0.1,'2025-01-05 07:16:33'),(6064,111,'2024-12-19',34,0.1,'2025-01-05 07:16:33'),(6065,112,'2024-12-08',0,0,'2025-01-05 07:16:33'),(6066,113,'2024-12-19',0,0,'2025-01-05 07:16:33'),(6067,114,'2024-12-19',42,0.2,'2025-01-05 07:16:33'),(6068,115,'2024-01-01',0,0,'2025-01-05 07:16:33'),(6069,116,'2024-12-19',48,0.1,'2025-01-05 07:16:33'),(6070,117,'2024-12-19',60,0.1,'2025-01-05 07:16:33'),(6071,118,'2024-12-19',75,0.1,'2025-01-05 07:16:33'),(6072,119,'2024-12-19',43,0.1,'2025-01-05 07:16:33'),(6073,120,'2024-12-19',0,0,'2025-01-05 07:16:33'),(6074,121,'2024-12-11',39.6,0,'2025-01-05 07:16:33'),(6075,122,'2024-12-19',40,0.2,'2025-01-05 07:16:33'),(6076,123,'2024-12-11',10.3,0,'2025-01-05 07:16:33'),(6077,124,'2024-12-19',10,0.1,'2025-01-05 07:16:33'),(6078,125,'2024-12-19',40,0.1,'2025-01-05 07:16:33'),(6079,126,'2024-12-19',1,0,'2025-01-05 07:16:33'),(6080,127,'2024-12-19',0,0,'2025-01-05 07:16:33'),(6081,128,'2024-12-19',0,0,'2025-01-05 07:16:33'),(6082,129,'2024-12-19',20,0.3,'2025-01-05 07:16:33'),(6083,130,'2024-12-19',60,0.1,'2025-01-05 07:16:33'),(6084,131,'2024-12-19',53,0.1,'2025-01-05 07:16:33'),(6085,132,'2024-12-19',0,0,'2025-01-05 07:16:33'),(6086,133,'2024-06-26',57.8,0,'2025-01-05 07:16:35'),(6087,134,'2024-05-29',83.3,0,'2025-01-05 07:16:35'),(6088,135,'2024-12-31',65.09,0.1,'2025-01-05 07:16:35'),(6089,136,'2024-12-26',57.35,0.1,'2025-01-05 07:16:35'),(6090,137,'2024-12-25',2.857,0,'2025-01-05 07:16:35'),(6091,138,'2024-12-30',2,0,'2025-01-05 07:16:35'),(6092,139,'2023-06-18',98,0,'2025-01-05 07:16:35'),(6093,140,'2024-12-30',68.11,0,'2025-01-05 07:16:35'),(6094,141,'2024-12-17',38.2,0.2,'2025-01-05 07:16:35'),(6095,142,'2024-12-17',8,0,'2025-01-05 07:16:35'),(6096,143,'2024-12-27',80.09,0.1,'2025-01-05 07:16:35'),(6097,144,'2024-12-31',34.89,0.1,'2025-01-05 07:16:35'),(6098,145,'2024-12-29',8,0,'2025-01-05 07:16:35'),(6099,147,'2024-12-13',0,0,'2025-01-05 07:16:35'),(6100,149,'2024-12-29',74.3243,0.1,'2025-01-05 07:16:35'),(6101,150,'2024-12-27',21.79,0.1,'2025-01-05 07:16:35'),(6102,151,'2018-09-06',59.5,0,'2025-01-05 07:16:35'),(6103,152,'2024-12-26',43.795,0.1,'2025-01-05 07:16:35'),(6104,153,'2024-12-27',0,0,'2025-01-05 07:16:35'),(6105,154,'2024-12-27',74,0,'2025-01-05 07:16:35'),(6106,155,'2024-12-30',4.2,0,'2025-01-05 07:16:35'),(6107,156,'2024-04-12',20,0,'2025-01-05 07:16:35'),(6108,157,'2024-07-04',15,0,'2025-01-05 07:16:35'),(6109,158,'2024-12-31',27.1,0.2,'2025-01-05 07:16:35'),(6110,159,'2024-12-27',0,0,'2025-01-05 07:16:35'),(6111,160,'2024-12-30',85.1,0.1,'2025-01-05 07:16:35'),(6112,161,'1899-12-31',0,0,'2025-01-05 07:16:35'),(6113,162,'1899-12-31',0,0,'2025-01-05 07:16:35'),(6114,163,'2024-01-02',68.5,0,'2025-01-05 07:16:36'),(6115,164,'2024-12-26',0,0,'2025-01-05 07:16:36'),(6116,165,'2024-12-26',50,0,'2025-01-05 07:16:36'),(6117,166,'2024-12-26',13,0,'2025-01-05 07:16:36'),(6118,167,'2024-12-26',30,0.1,'2025-01-05 07:16:36'),(6119,168,'1899-12-31',0,0,'2025-01-05 07:16:36'),(6120,169,'1899-12-31',0,0,'2025-01-05 07:16:36'),(6121,170,'1899-12-31',0,0,'2025-01-05 07:16:36'),(6122,171,'1899-12-31',0,0,'2025-01-05 07:16:36'),(6123,172,'1899-12-31',0,0,'2025-01-05 07:16:36'),(6124,173,'1899-12-31',0,0,'2025-01-05 07:16:36'),(6125,174,'1899-12-31',0,0,'2025-01-05 07:16:36');
/*!40000 ALTER TABLE `laboratory_results` ENABLE KEYS */;
UNLOCK TABLES;
/*!50003 SET @saved_cs_client      = @@character_set_client */ ;
/*!50003 SET @saved_cs_results     = @@character_set_results */ ;
/*!50003 SET @saved_col_connection = @@collation_connection */ ;
/*!50003 SET character_set_client  = utf8mb4 */ ;
/*!50003 SET character_set_results = utf8mb4 */ ;
/*!50003 SET collation_connection  = utf8mb4_0900_ai_ci */ ;
/*!50003 SET @saved_sql_mode       = @@sql_mode */ ;
/*!50003 SET sql_mode              = 'ONLY_FULL_GROUP_BY,STRICT_TRANS_TABLES,NO_ZERO_IN_DATE,NO_ZERO_DATE,ERROR_FOR_DIVISION_BY_ZERO,NO_ENGINE_SUBSTITUTION' */ ;
DELIMITER ;;
/*!50003 CREATE*/ /*!50017 DEFINER=`root`@`localhost`*/ /*!50003 TRIGGER `after_laboratory_results_insert` AFTER INSERT ON `laboratory_results` FOR EACH ROW BEGIN
    UPDATE well_tests 
    SET water_cut = NEW.water_cut, 
		mechanical_impurities = NEW.mechanical_impurities 
	WHERE well_id = NEW.well_id AND well_test_date >= NEW.last_lab_date;
    -- ORDER BY well_test_date
    -- LIMIT 1;
    
    UPDATE daily_well_parameters
    SET water_cut = NEW.water_cut,
		mechanical_impurities = NEW.mechanical_impurities
	WHERE well_id = NEW.well_id AND report_date >= NEW.last_lab_date;
END */;;
DELIMITER ;
/*!50003 SET sql_mode              = @saved_sql_mode */ ;
/*!50003 SET character_set_client  = @saved_cs_client */ ;
/*!50003 SET character_set_results = @saved_cs_results */ ;
/*!50003 SET collation_connection  = @saved_col_connection */ ;
/*!50003 SET @saved_cs_client      = @@character_set_client */ ;
/*!50003 SET @saved_cs_results     = @@character_set_results */ ;
/*!50003 SET @saved_col_connection = @@collation_connection */ ;
/*!50003 SET character_set_client  = utf8mb4 */ ;
/*!50003 SET character_set_results = utf8mb4 */ ;
/*!50003 SET collation_connection  = utf8mb4_0900_ai_ci */ ;
/*!50003 SET @saved_sql_mode       = @@sql_mode */ ;
/*!50003 SET sql_mode              = 'ONLY_FULL_GROUP_BY,STRICT_TRANS_TABLES,NO_ZERO_IN_DATE,NO_ZERO_DATE,ERROR_FOR_DIVISION_BY_ZERO,NO_ENGINE_SUBSTITUTION' */ ;
DELIMITER ;;
/*!50003 CREATE*/ /*!50017 DEFINER=`root`@`localhost`*/ /*!50003 TRIGGER `after_laboratory_results_delete` AFTER DELETE ON `laboratory_results` FOR EACH ROW BEGIN
	DECLARE last_available_id INT;
	DECLARE last_available_water_cut FLOAT;
    DECLARE last_available_mechanical_impurities FLOAT;
    
    SELECT id, water_cut, mechanical_impurities
	INTO last_available_id, last_available_water_cut, last_available_mechanical_impurities
	FROM laboratory_results
	WHERE well_id = OLD.well_id
	ORDER BY last_lab_date DESC
	LIMIT 1;
    
    IF OLD.id > last_available_id THEN
		UPDATE well_tests 
		SET water_cut = last_available_water_cut, 
			mechanical_impurities = last_available_mechanical_impurities 
		WHERE well_id = OLD.well_id AND well_test_date >= OLD.last_lab_date;
		-- ORDER BY well_test_date
		-- LIMIT 1;
    
		UPDATE daily_well_parameters
		SET water_cut = last_available_water_cut,
			mechanical_impurities = last_available_mechanical_impurities
		WHERE well_id = OLD.well_id AND report_date >= OLD.last_lab_date;
	END IF; 
END */;;
DELIMITER ;
/*!50003 SET sql_mode              = @saved_sql_mode */ ;
/*!50003 SET character_set_client  = @saved_cs_client */ ;
/*!50003 SET character_set_results = @saved_cs_results */ ;
/*!50003 SET collation_connection  = @saved_col_connection */ ;

--
-- Table structure for table `ogpd`
--

DROP TABLE IF EXISTS `ogpd`;
/*!40101 SET @saved_cs_client     = @@character_set_client */;
/*!50503 SET character_set_client = utf8mb4 */;
CREATE TABLE `ogpd` (
  `id` int NOT NULL AUTO_INCREMENT,
  `name` varchar(255) NOT NULL,
  PRIMARY KEY (`id`),
  UNIQUE KEY `unique_ogpd` (`name`)
) ENGINE=InnoDB AUTO_INCREMENT=2 DEFAULT CHARSET=utf8mb4 COLLATE=utf8mb4_0900_ai_ci;
/*!40101 SET character_set_client = @saved_cs_client */;

--
-- Dumping data for table `ogpd`
--

LOCK TABLES `ogpd` WRITE;
/*!40000 ALTER TABLE `ogpd` DISABLE KEYS */;
INSERT INTO `ogpd` VALUES (1,'28 May');
/*!40000 ALTER TABLE `ogpd` ENABLE KEYS */;
UNLOCK TABLES;

--
-- Table structure for table `platforms`
--

DROP TABLE IF EXISTS `platforms`;
/*!40101 SET @saved_cs_client     = @@character_set_client */;
/*!50503 SET character_set_client = utf8mb4 */;
CREATE TABLE `platforms` (
  `id` int NOT NULL AUTO_INCREMENT,
  `name` varchar(255) NOT NULL,
  `field_id` int NOT NULL,
  PRIMARY KEY (`id`),
  UNIQUE KEY `unique_platform` (`name`,`field_id`),
  KEY `field_id` (`field_id`),
  CONSTRAINT `platforms_ibfk_1` FOREIGN KEY (`field_id`) REFERENCES `fields` (`id`)
) ENGINE=InnoDB AUTO_INCREMENT=15 DEFAULT CHARSET=utf8mb4 COLLATE=utf8mb4_0900_ai_ci;
/*!40101 SET character_set_client = @saved_cs_client */;

--
-- Dumping data for table `platforms`
--

LOCK TABLES `platforms` WRITE;
/*!40000 ALTER TABLE `platforms` DISABLE KEYS */;
INSERT INTO `platforms` VALUES (9,'10',1),(10,'11',1),(11,'13',1),(12,'14',1),(13,'15',1),(14,'19',1),(1,'2',1),(2,'3',1),(3,'4',1),(4,'5',1),(5,'6',1),(6,'7',1),(7,'8',1),(8,'9',1);
/*!40000 ALTER TABLE `platforms` ENABLE KEYS */;
UNLOCK TABLES;

--
-- Table structure for table `production_methods`
--

DROP TABLE IF EXISTS `production_methods`;
/*!40101 SET @saved_cs_client     = @@character_set_client */;
/*!50503 SET character_set_client = utf8mb4 */;
CREATE TABLE `production_methods` (
  `id` int NOT NULL AUTO_INCREMENT,
  `name` varchar(255) NOT NULL,
  PRIMARY KEY (`id`),
  UNIQUE KEY `unique_production_method` (`name`)
) ENGINE=InnoDB AUTO_INCREMENT=9 DEFAULT CHARSET=utf8mb4 COLLATE=utf8mb4_0900_ai_ci;
/*!40101 SET character_set_client = @saved_cs_client */;

--
-- Dumping data for table `production_methods`
--

LOCK TABLES `production_methods` WRITE;
/*!40000 ALTER TABLE `production_methods` DISABLE KEYS */;
INSERT INTO `production_methods` VALUES (5,'Erlift'),(1,'Fontan'),(7,'MEDN'),(2,'Qazlift (boru arxası)'),(3,'Qazlift (həlqəvi fəza)'),(4,'Qazlift (mandrel)'),(6,'ŞDN'),(8,'Vintli');
/*!40000 ALTER TABLE `production_methods` ENABLE KEYS */;
UNLOCK TABLES;

--
-- Table structure for table `production_skins`
--

DROP TABLE IF EXISTS `production_skins`;
/*!40101 SET @saved_cs_client     = @@character_set_client */;
/*!50503 SET character_set_client = utf8mb4 */;
CREATE TABLE `production_skins` (
  `id` int NOT NULL AUTO_INCREMENT,
  `name` varchar(255) NOT NULL,
  PRIMARY KEY (`id`),
  UNIQUE KEY `unique_production_skin` (`name`)
) ENGINE=InnoDB AUTO_INCREMENT=8 DEFAULT CHARSET=utf8mb4 COLLATE=utf8mb4_0900_ai_ci;
/*!40101 SET character_set_client = @saved_cs_client */;

--
-- Dumping data for table `production_skins`
--

LOCK TABLES `production_skins` WRITE;
/*!40000 ALTER TABLE `production_skins` DISABLE KEYS */;
INSERT INTO `production_skins` VALUES (5,'Dəniz_Özülüdə_və_ya_Quruda_Yığım_Nəql_Sistemi'),(6,'İxrac_Sistemi'),(1,'Keçici_Fond_Guyuları'),(7,'OPEC_Tələblərinin_Yerinə_Yetirilməsi'),(2,'Quyu_Ağzında_Aparılan_Əməliyyatlar'),(3,'Tədqiqat_Cari_və_Əsaslı_Təmir_Məqsədilə_Quyulara_Müdaxilə '),(4,'Yeni_Quyular ');
/*!40000 ALTER TABLE `production_skins` ENABLE KEYS */;
UNLOCK TABLES;

--
-- Table structure for table `production_sub_skins`
--

DROP TABLE IF EXISTS `production_sub_skins`;
/*!40101 SET @saved_cs_client     = @@character_set_client */;
/*!50503 SET character_set_client = utf8mb4 */;
CREATE TABLE `production_sub_skins` (
  `id` int NOT NULL AUTO_INCREMENT,
  `name` varchar(255) NOT NULL,
  `production_skin_id` int NOT NULL,
  PRIMARY KEY (`id`),
  UNIQUE KEY `unique_production_sub_skin` (`name`,`production_skin_id`),
  KEY `production_skin_id` (`production_skin_id`),
  CONSTRAINT `production_sub_skins_ibfk_1` FOREIGN KEY (`production_skin_id`) REFERENCES `production_skins` (`id`)
) ENGINE=InnoDB AUTO_INCREMENT=15 DEFAULT CHARSET=utf8mb4 COLLATE=utf8mb4_0900_ai_ci;
/*!40101 SET character_set_client = @saved_cs_client */;

--
-- Dumping data for table `production_sub_skins`
--

LOCK TABLES `production_sub_skins` WRITE;
/*!40000 ALTER TABLE `production_sub_skins` DISABLE KEYS */;
INSERT INTO `production_sub_skins` VALUES (9,'Dəniz_Özülüdə_və_ya_Quruda_Hasilat_Sistemi_ilə_Bağlı_Əməliyyatlar',5),(14,'Hasilatın_Azaldılması',7),(6,'Hasilatın_Bərpası_Məqsədilə_Aparılan_Təmirlər',3),(1,'İdarə_Olunan_Keçici_Fond',1),(13,'İxrac_Boru_Kəmərinin_İşlək_Vəziyyətdə_Saxlanılması',6),(4,'Layalara_və_Quyulara_Tədqiqatlarla_Aparılan_Nəzarət',3),(12,'Neft_İxrac_Nasosu',6),(10,'Qazın_Sıxılması_Sistem_ilə_Bağlı_Əməliyyatlar',5),(8,'Quyu_Təyinatının_Dəyişdirilməsi',4),(2,'Quyuağzı_Bütövlülüyü',2),(3,'Quyudaxili_Avadanlıqların_Optimallaşdırılması',3),(11,'Suvurma_Sistemi_ilə_Bağlı_Əməliyyatlar',5),(7,'Yan_Lülə_Quyular_İstismar_və_Vurucu',4),(5,'Yatağın_İşlənməsinın_İdarə_Edilməsi_ilə_Bağlı_Fəaliyyətlər',3);
/*!40000 ALTER TABLE `production_sub_skins` ENABLE KEYS */;
UNLOCK TABLES;

--
-- Table structure for table `production_sub_skins_activities`
--

DROP TABLE IF EXISTS `production_sub_skins_activities`;
/*!40101 SET @saved_cs_client     = @@character_set_client */;
/*!50503 SET character_set_client = utf8mb4 */;
CREATE TABLE `production_sub_skins_activities` (
  `id` int NOT NULL AUTO_INCREMENT,
  `name` varchar(255) NOT NULL,
  `production_sub_skin_id` int NOT NULL,
  PRIMARY KEY (`id`),
  UNIQUE KEY `unique_production_sub_skins_activity` (`name`,`production_sub_skin_id`),
  KEY `production_sub_skin_id` (`production_sub_skin_id`),
  CONSTRAINT `production_sub_skins_activities_ibfk_1` FOREIGN KEY (`production_sub_skin_id`) REFERENCES `production_sub_skins` (`id`)
) ENGINE=InnoDB AUTO_INCREMENT=54 DEFAULT CHARSET=utf8mb4 COLLATE=utf8mb4_0900_ai_ci;
/*!40101 SET character_set_client = @saved_cs_client */;

--
-- Dumping data for table `production_sub_skins_activities`
--

LOCK TABLES `production_sub_skins_activities` WRITE;
/*!40000 ALTER TABLE `production_sub_skins_activities` DISABLE KEYS */;
INSERT INTO `production_sub_skins_activities` VALUES (1,'1.1.1_Cari ilin yanvarın 1-də Bazadakı quyularda hasilatın azalma dərəcəsi',1),(2,'1.1.2_Quyuların il ərzində fəaliyyətsiz fonda keçməsi və təmirdən sonra işlək fonduna (bazaya) qaytarılması',1),(3,'2.2.1_Fontan armaturana daxil olan siyirtmələrin bütövlüyünün yoxlanılması',2),(4,'2.2.2_Quyudaxili Təhlükəsizlik Klapanın bütövlüyünün yoxlanılması',2),(5,'2.2.3_Quyuağzı avadanlığının bütövlüyü ilə bağlı digər işlər (istismar və suvurucu quyular üçün)',2),(6,'3.1.1_ŞDN quyularında quyudaxili avadanlıqların optimallaşdırılması  (Misal; nasosun dəyişdirilməsi)',3),(7,'3.1.2_MEDN quyularında quyudaxili avadanlıqların optimallaşdırılması  (Misal; nasosun dəyişdirilməsi)',3),(8,'3.1.3_Vintli nasos quyularında quyudaxili avadanlıqların optimallaşdırılması  (Misal; nasosun dəyişdirilməsi)',3),(9,'3.1.4_Qaz-lift quyularında qaz-maye qaldırıcının və avadanlıqların optimallaşdırılması (Misal; sıraları tənzimləmək, klapanlar tətbiqi, və.s)',3),(10,'3.1.5_Neft, qaz və qaz-kondensat fontan quyularında qaz-maye qaldırıcının optimallaşdırılması ((məsələn, NKB-ın uzunluğu və ölçüsü)',3),(11,'3.1.6_İstismar üsullarının dəyişdirilməsi',3),(12,'3.2.1_Quyudibi nümunələrin götürülməsi (neft, qaz, su, qum və s)',4),(13,'3.2.2_İstismar karotaji - PLT/ILT (istismar və vurucu quyularında axın və vurma profilinin çıxarılması, mayenin bir laydan digərinə axmasınln təyin edilməsi)',4),(14,'3.2.3_Quyudibi təzyiqin bərpa (istismar quyularda) və düşmə (vurucu quyularda) əyrilərin çıxarılması (lay təzyiqi, skin, kh əmsalının təyini) ',4),(15,'3.2.4_Akustik Noise və DAS cihazların tədbiqi (qumun gəlmə intervalının təyini, NKB-da və kəmərdə sızmaların təyini və s.)',4),(16,'3.2.5_Temperatur karotaji (sızmaların təyini,qaz amili yüksək olan intervalların təyini və s.) ',4),(17,'3.2.6_Doyumluluq karotajı (əlavə neftə douymuş zonaların təyini)',4),(18,'3.2.7_CBL Sement karotaji (sementin kefiyyıtini təyin edilməsi)',4),(19,'3.2.8_Çox ayaqlı Kaliper (kəmərin və qaldırıcı boruların vəziyyətini təyin edilməsi)',4),(20,'3.3.1_İstismarda olan horizontda yeni perforasiya intervalının əlavə edilməsi',5),(21,'3.3.2_İstismarda olan horizonta yeni horizontun (üst və ya alt) əlavə edilməsi - iki horizontun birgə istismarını həyata keçirilməsi',5),(22,'3.3.3_Su, qaz vurmada olan horizonta yeni horizontun (üst və ya alt) əlavəsi, vurmanın iki horizonta birgə həyata keçirilməsi (dəstək altında istasmar quyularında əlavə hasilat)',5),(23,'3.3.4_İstismar quyuların yuxarı və ya aşağı horizonta qaytarılması',5),(24,'3.3.5_Vurucu quyuların yuxarı və ya aşağı horizonta qaytarılması (dəstək altında olan istismar quyularında əlavə hasilat)',5),(25,'3.3.6_İstismar quyularında lay sularının təcrid olunma əməliyyatları (kimyəvi və mexaniki)',5),(26,'3.3.7_Quyu ətrafı zonaya təsir üsulları (hidravliki yarılma, turşu ilə işlənmə, termiki işlənmə və s)',5),(27,'3.4.1_Boruların sızması və digər hidravlik izolyasiya problemlərinin aradan qaldırılması',6),(28,'3.4.2_Mövcud tamamlanmış intervalın yenidən perforasiyası',6),(29,'3.4.3_Qum tıxacın yuyulması',6),(30,'3.4.4_Qumun gəlməsinin qarşısını almaq əməliyyatları (kimyəvi və mexaniki)',6),(31,'3.4.5_NKB-a və digər quydaxili avadanlıqlarda parafin və duz çöküntülərinə qarşı tədbirlər (mexaniki, istiliklə, kimyəvi və s.)',6),(32,'3.4.6_Qondarma qum süzgəclərin quraşdırılması',6),(33,'5.2.1_Yeni istismar və su vı ya qaz vurucu yan lülə quyuların qazılması (Əlavə olaraq bütün alt-sahələrdə olan əməliyyatlar daxil ola bilər)',7),(34,'5.3.1_Quyu təyinatının dəyişdirilməsi (misal: istismar quyunun su və ya qaz vurucuya kecirilməsi)\n(Əlavə olaraq bütün alt-sahələrdə olan əməliyyatlar daxil ola bilər)',8),(35,'5.3.3_İstismar quyuların istehsal növünün dəyişməsi (misal: neft quyusunu qaz quyusuna kecirməsi) (Əlavə olaraq bütün alt-sahələrdə olan əməliyyatlar daxil ola bilər)',8),(36,'6.1.1_Dəniz özülünün tam dayanması (planlaşdırılmış müddət ərzində)',9),(37,'6.1.2_Dəniz özülünün tam dayanması (planlaşdırılmışdan daha uzun müddət ərzində)',9),(38,'6.1.3_Hasilat sisteminin bir hissəsinin dayanması',9),(39,'6.1.4_Hasilat prosesi xəttinin dayanması',9),(40,'6.1.5_Hasilat prosesin dayanması',9),(41,'6.1.6_Fövqəladə dayanma',9),(42,'6.1.7_Sistemdəki limitlər: Əks təzyiqin qalxması (məs. sistemə əlavə qazın daxil olması), yerüstü avadanlıqlarda darboğazının aradan qaldırılmasıı: xəttlərdə təzyiqlərin aşağı salınması, əlavə xəttlərin çəkilməsi, gücləndirici nasosun dəyişdirilməsi və s',9),(43,'6.2.1_Qaz kompressorlarının nasazlığının bərpası',10),(44,'6.2.2_Qaz lift boru kəməri və axın xəttinin sızması, zədələnməsi, hidratın əmələ gəlməsi və s. problemlərin bərpası',10),(45,'6.2.3_Qaz vurma infrastrukturunun yenilənməsi, yeni kompressorların quraşdırılması, yeni xətlərin çəkilməsi və s',10),(46,'6.3.1_Suvurucu nasoslarının nasazlığının bərpası',11),(47,'6.3.2_Sistem axın xətlərinin sızması, zədələnməsi və s. səbəbiylə tam və ya qismən dayanma',11),(48,'6.3.3_Elektrik enerjisinin kəsilməsi',11),(49,'6.3.4_Suvurma infrastrukturunun təkmilləşdirilməsi, yeni nasosların quraşdırılması, yeni xətlərin çəkilməsi və s.',11),(50,'7.1.1_Mexanik, elektrik, idarəetmə sistemi və s. nasazlıqlar, insan səhvləri, yüksək temperatur və əks təzyiqdən bərpa',12),(51,'7.2.1_Ərsinləmə əməliyyati (parafin, su, qum təmizləmə)',13),(52,'7.2.2_Sızma/zədərin aşkarlanması və bərpası',13),(53,'8.1.1_Hədəfə nail olması üçün bir qrup istismar quyuların hasilatının azalması',14);
/*!40000 ALTER TABLE `production_sub_skins_activities` ENABLE KEYS */;
UNLOCK TABLES;

--
-- Table structure for table `production_well_stock_sub_categories`
--

DROP TABLE IF EXISTS `production_well_stock_sub_categories`;
/*!40101 SET @saved_cs_client     = @@character_set_client */;
/*!50503 SET character_set_client = utf8mb4 */;
CREATE TABLE `production_well_stock_sub_categories` (
  `id` int NOT NULL AUTO_INCREMENT,
  `name` varchar(255) NOT NULL,
  PRIMARY KEY (`id`),
  UNIQUE KEY `production_well_stock_sub_category` (`name`)
) ENGINE=InnoDB AUTO_INCREMENT=5 DEFAULT CHARSET=utf8mb4 COLLATE=utf8mb4_0900_ai_ci;
/*!40101 SET character_set_client = @saved_cs_client */;

--
-- Dumping data for table `production_well_stock_sub_categories`
--

LOCK TABLES `production_well_stock_sub_categories` WRITE;
/*!40000 ALTER TABLE `production_well_stock_sub_categories` DISABLE KEYS */;
INSERT INTO `production_well_stock_sub_categories` VALUES (1,'Fəaliyyətdə (məhsul verən)'),(2,'Fəaliyyətdə (təmir gözləyən)'),(3,'Fəaliyyətsiz'),(4,'Qazmadan mənimsəmədə ');
/*!40000 ALTER TABLE `production_well_stock_sub_categories` ENABLE KEYS */;
UNLOCK TABLES;

--
-- Table structure for table `well_downtime_reasons`
--

DROP TABLE IF EXISTS `well_downtime_reasons`;
/*!40101 SET @saved_cs_client     = @@character_set_client */;
/*!50503 SET character_set_client = utf8mb4 */;
CREATE TABLE `well_downtime_reasons` (
  `id` int NOT NULL AUTO_INCREMENT,
  `well_id` int NOT NULL,
  `report_date` date NOT NULL,
  `downtime_category` varchar(255) DEFAULT NULL,
  `production_sub_skins_activity_id` int DEFAULT NULL,
  `comments` text,
  `created_at` timestamp NULL DEFAULT CURRENT_TIMESTAMP,
  PRIMARY KEY (`id`),
  UNIQUE KEY `unique_well_downtime_reason` (`well_id`,`report_date`),
  CONSTRAINT `well_downtime_reasons_ibfk_1` FOREIGN KEY (`well_id`) REFERENCES `wells` (`id`)
) ENGINE=InnoDB AUTO_INCREMENT=1951 DEFAULT CHARSET=utf8mb4 COLLATE=utf8mb4_0900_ai_ci;
/*!40101 SET character_set_client = @saved_cs_client */;

--
-- Dumping data for table `well_downtime_reasons`
--

LOCK TABLES `well_downtime_reasons` WRITE;
/*!40000 ALTER TABLE `well_downtime_reasons` DISABLE KEYS */;
INSERT INTO `well_downtime_reasons` VALUES (1830,177,'2024-12-31','Planlaşdırılmış',27,'Quyuda təmir zamanı mürəkkəbləşmə zamanı təmir işləri müvəqqəti dayanıb','2025-01-05 07:16:17'),(1831,182,'2024-12-31','Planlaşdırılmamış',27,'Quyunu su ilə yuyub, təkrar mənimsəmə aparılması','2025-01-05 07:16:17'),(1832,195,'2024-12-31','Planlaşdırılmış',1,'Fəaliyyətsiz','2025-01-05 07:16:18'),(1833,196,'2024-12-31','Planlaşdırılmış',1,'Fəaliyyətsiz','2025-01-05 07:16:18'),(1834,197,'2024-12-31','Planlaşdırılmış',1,'Fəaliyyətsiz','2025-01-05 07:16:18'),(1835,198,'2024-12-31','Planlaşdırılmış',1,'Fəaliyyətsiz','2025-01-05 07:16:18'),(1836,199,'2024-12-31','Planlaşdırılmış',1,'Fəaliyyətsiz','2025-01-05 07:16:18'),(1837,200,'2024-12-31','Planlaşdırılmış',1,'Fəaliyyətsiz','2025-01-05 07:16:18'),(1838,201,'2024-12-31','Planlaşdırılmış',1,'Fəaliyyətsiz','2025-01-05 07:16:18'),(1839,202,'2024-12-31','Planlaşdırılmış',1,'Fəaliyyətsiz','2025-01-05 07:16:18'),(1840,203,'2024-12-31','Planlaşdırılmış',1,'Ləğv gözləyən','2025-01-05 07:16:18'),(1841,204,'2024-12-31','Planlaşdırılmış',1,'Ləğv gözləyən','2025-01-05 07:16:18'),(1842,205,'2024-12-31','Planlaşdırılmış',1,'Ləğv gözləyən','2025-01-05 07:16:18'),(1843,220,'2024-12-31','Planlaşdırılmış',27,'Quyuda qalıb: 2,5\"-NKB-15əd-127,5m, Qn-2997m, muft; 2997 m-də 46x80 mm Metçik+keçirici9sol; Z-86 kalibr+2əd-sağ q/b. Qn-2979m, muft(105mm).','2025-01-05 07:16:19'),(1844,222,'2024-12-31','Planlaşdırılmış',27,'Qn-1.5”-2482,5,5 muft, 1.5”-46əd- 444m; \nQn2.5”-2492.4(yiv), 2.5”-44əd-421,2m','2025-01-05 07:16:19'),(1845,226,'2024-12-31','Planlaşdırılmış',27,'Boruların təftişi. Qüllə üstdən şimaldan cənuba 3m çəkiləcək  və B.P. qərbdən şərqə 3m çəkiləcək. 19.10.2024. \nQuyu su ilə yuyulub. Qüllənin pilləkənlərının təmiri. Loqistika işləri.','2025-01-05 07:16:19'),(1846,227,'2024-12-31','Planlaşdırılmış',27,'Qn-2661m, 2,5\"-yiv\nQuyuda qalıb: 1,5\"-28əd-248,8m, 2,5\"-31əd-298,2m','2025-01-05 07:16:19'),(1847,233,'2024-12-31','Planlaşdırılmış',27,'Qn-2862m, yiv\nQuyuda qalıb: 2,5\"-24əd-238m','2025-01-05 07:16:19'),(1848,241,'2024-12-31','Planlaşdırılmış',1,'Ləğv olunmuş','2025-01-05 07:16:19'),(1849,242,'2024-12-31','Planlaşdırılmış',1,'Ləğv olunmuş','2025-01-05 07:16:19'),(1850,243,'2024-12-31','Planlaşdırılmış',1,'Fəaliyyətsiz','2025-01-05 07:16:19'),(1851,260,'2024-12-31','Planlaşdırılmış',10,'313a (FLD) II-III arası həlqəvi fəzadan işlədiyi üçün 313 (QA+QÜQ) saylı quyu dayandırılmışdır.','2025-01-05 07:16:21'),(1852,274,'2024-12-31','Planlaşdırılmış',1,'Fəaliyyətsiz','2025-01-05 07:16:21'),(1853,279,'2024-12-31','Planlaşdırılmamış',28,'Quyunun parametrlərində qalxma müşaidə olundu.QÜQ Pqa parametirində az bir müddətdə kəmər təzyiqinə düşdü.Bütün parametrlər yoxlandı,aşkər olundu ki,horizontlar arası əlaqə yaranıb.Göstərişə əsasən (QÜQ horizontu) saat 07:10-da bağlandı.','2025-01-05 07:16:22'),(1854,286,'2024-12-31','Planlaşdırılmamış',28,'Quyunun parametrlərində düşmə   müşaidə olundu.B/A-na yoxlamaq məqsədi ilə 1m3 neft vuruldu.Quyu çənə çevrildi.Parametrlərin  düşməsi davam edir.Quyu dayandı','2025-01-05 07:16:22'),(1855,287,'2024-12-31','Planlaşdırılmış',28,'Quyu söndürüldü.QƏYTS-nə təhvil verildi.Quyuda qalıb  \nI-cərgə 2,5\"(134əd)1278m+4”(11əd) 105m=1383m\nII-cərgə  1,5\"(93əd)893m+2.5”(30əd)292.5m=1185.5m\nQəza Nöktəsi 1329.5m sonluq gövdə','2025-01-05 07:16:22'),(1856,288,'2024-12-31','Planlaşdırılmış',28,'VII horizonta qaytarma','2025-01-05 07:16:22'),(1857,289,'2024-12-31','Planlaşdırılmamış',28,'Quyunun parametrlərində düşmə   müşaidə olundu.B/A-na yoxlamaq məqsədi ilə 1m3 neft vuruldu.Quyu çənə çevrildi.Parametrlərin  düşməsi davam edir.Nümünəsi qilli su göstərir.Quyu dayandı','2025-01-05 07:16:22'),(1858,352,'2024-12-31','Planlaşdırılmış',27,'NKB quyuda qalıb','2025-01-05 07:16:23'),(1859,353,'2024-12-31','Planlaşdırılmış',1,'Ləğv olunmuş','2025-01-05 07:16:23'),(1860,354,'2024-12-31','Planlaşdırılmış',1,'Ləğvini gözləyən','2025-01-05 07:16:23'),(1861,355,'2024-12-31','Planlaşdırılmış',1,'Ləğvini gözləyən','2025-01-05 07:16:23'),(1862,356,'2024-12-31','Planlaşdırılmış',1,'Ləğv olunmuş','2025-01-05 07:16:23'),(1863,357,'2024-12-31','Planlaşdırılmış',1,'Fəaliyyətsiz','2025-01-05 07:16:23'),(1864,358,'2024-12-31','Planlaşdırılmış',1,'Ləğvini gözləyən','2025-01-05 07:16:23'),(1865,359,'2024-12-31','Planlaşdırılmış',1,'Ləğvini gözləyən','2025-01-05 07:16:23'),(1866,360,'2024-12-31','Planlaşdırılmış',1,'Ləğvini gözləyən','2025-01-05 07:16:23'),(1867,313,'2024-12-31','Planlaşdırılmamış',3,'Lift borularında zədə olduğu üçün laydan axın yaratmaq olmur.təmirə saxlanıb','2025-01-05 07:16:24'),(1868,315,'2024-12-31','Planlaşdırılmış',22,'2.5\" paşmaqın endirilməsi','2025-01-05 07:16:24'),(1869,329,'2024-12-31','Planlaşdırılmış',22,'təmir gğzləyir','2025-01-05 07:16:24'),(1870,347,'2024-12-31','Planlaşdırılmış',1,'Fəaliyyətsiz','2025-01-05 07:16:24'),(1871,348,'2024-12-31','Planlaşdırılmış',1,'Ləğvini gözləyən','2025-01-05 07:16:24'),(1872,349,'2024-12-31','Planlaşdırılmış',1,'Fəaliyyətsiz','2025-01-05 07:16:24'),(1873,350,'2024-12-31','Planlaşdırılmış',1,'Fəaliyyətsiz','2025-01-05 07:16:24'),(1874,351,'2024-12-31','Planlaşdırılmış',1,'Fəaliyyətsiz','2025-01-05 07:16:24'),(1875,335,'2024-12-31','Planlaşdırılmamış',27,'Quyu qəzalı vəziyyətdədir. Təzyiqlər sıfra düşmür. II sıra qaldırılıb. Görüləcək tədbir:  Quyuya x.ç-1,58 q/sm3 gil məhlulunu mərkəz və B/A laya sıxmalı.Təzyiqi 0-a salınmalı, nəzarət. F/yolkanı sökməli. Quyudakı I sıra lift borularını tam qaldırmalı. Sementləmə borularını endirib 2380m-də təzyiq altında  (lay tam doyana qədər) sementləmə aparmalı. Quyuda VIII horizontda  “icazədə” göstərilən intervalda əlavə süzgəc açmalı. Hal hazırda təzyiqlərə nəzarət edilir.  Pq.a =12↑16 atm; Pb.a= 22↑24 atm; Pk/a(6”-9”)= 20↑22 atm; Pk/a(9”-13”)=10 atm. Özüldə xüsusi çəkisi 1,80 q/sm³  olan 91 m³ gil məhlulu var.','2025-01-05 07:16:25'),(1876,345,'2024-12-31','Planlaşdırılmış',1,'Ləğv olunmuş','2025-01-05 07:16:25'),(1877,346,'2024-12-31','Planlaşdırılmış',1,'Fəaliyyətsiz','2025-01-05 07:16:25'),(1878,9,'2024-12-31','Planlaşdırılmış',1,'Ləğv olunmuş','2025-01-05 07:16:27'),(1879,10,'2024-12-31','Planlaşdırılmış',1,'Ləğv gözləyən','2025-01-05 07:16:27'),(1880,11,'2024-12-31','Planlaşdırılmış',1,'Ləğv olunmuş','2025-01-05 07:16:27'),(1881,12,'2024-12-31','Planlaşdırılmış',1,'Ləğv olunmuş','2025-01-05 07:16:27'),(1882,13,'2024-12-31','Planlaşdırılmış',1,'Fəaliyyətsiz','2025-01-05 07:16:27'),(1883,15,'2024-12-31','Planlaşdırılmış',2,'Təmir gözləyir','2025-01-05 07:16:28'),(1884,18,'2024-12-31','Planlaşdırılmış',2,'Təmir gözləyir','2025-01-05 07:16:28'),(1885,22,'2024-12-31','Planlaşdırılmış',2,'Təmir gözləyir','2025-01-05 07:16:28'),(1886,23,'2024-12-31','Planlaşdırılmış',2,'Təmir gözləyir','2025-01-05 07:16:28'),(1887,361,'2024-12-31','Planlaşdırılmış',1,'Ləğv olunmuş','2025-01-05 07:16:28'),(1888,362,'2024-12-31','Planlaşdırılmış',1,'Ləğv olunmuş','2025-01-05 07:16:28'),(1889,363,'2024-12-31','Planlaşdırılmış',1,'Ləğv olunmuş','2025-01-05 07:16:28'),(1890,364,'2024-12-31','Planlaşdırılmış',1,'Ləğvini gözləyən','2025-01-05 07:16:28'),(1891,365,'2024-12-31','Planlaşdırılmış',1,'Ləğvini gözləyən','2025-01-05 07:16:28'),(1892,366,'2024-12-31','Planlaşdırılmış',1,'Fəaliyyətsiz','2025-01-05 07:16:28'),(1893,367,'2024-12-31','Planlaşdırılmış',1,'Fəaliyyətsiz','2025-01-05 07:16:28'),(1894,368,'2024-12-31','Planlaşdırılmış',1,'Fəaliyyətsiz','2025-01-05 07:16:28'),(1895,369,'2024-12-31','Planlaşdırılmış',1,'Ləğv olunmuş','2025-01-05 07:16:28'),(1896,32,'2024-12-31','Planlaşdırılmamış',28,'Quyuda istismar zanmanı qum tıxacı ə\\mələ gəldiyi üçün istismardan dayanıb','2025-01-05 07:16:29'),(1897,39,'2024-12-31','Planlaşdırılmış',1,'Ləğv olunmuş','2025-01-05 07:16:29'),(1898,40,'2024-12-31','Planlaşdırılmış',1,'Ləğv gözləyən','2025-01-05 07:16:29'),(1899,41,'2024-12-31','Planlaşdırılmış',1,'Ləğv olunmuş','2025-01-05 07:16:29'),(1900,42,'2024-12-31','Planlaşdırılmış',1,'Ləğv olunmuş','2025-01-05 07:16:29'),(1901,43,'2024-12-31','Planlaşdırılmış',1,'Ləğv olunmuş','2025-01-05 07:16:29'),(1902,44,'2024-12-31','Planlaşdırılmış',1,'Ləğv olunmuş','2025-01-05 07:16:29'),(1903,45,'2024-12-31','Planlaşdırılmış',1,'Ləğv olunmuş','2025-01-05 07:16:29'),(1904,46,'2024-12-31','Planlaşdırılmış',1,'Ləğv olunmuş','2025-01-05 07:16:29'),(1905,47,'2024-12-31','Planlaşdırılmış',1,'Ləğv olunmuş','2025-01-05 07:16:29'),(1906,48,'2024-12-31','Planlaşdırılmış',1,'Ləğv gözləyən','2025-01-05 07:16:29'),(1907,53,'2024-12-31','Planlaşdırılmış',10,'Quyuda təmir işləri aparılıb, lift boruları dəyişdirilib, yenidən mənimsəməyə verilib.','2025-01-05 07:16:30'),(1908,59,'2024-12-31','Planlaşdırılmış',1,'Hasilatı az olduğundan dayandırılıb.','2025-01-05 07:16:30'),(1909,60,'2024-12-31','Planlaşdırılmış',1,'Hasilatı az olduğundan dayandırılıb.','2025-01-05 07:16:30'),(1910,73,'2024-12-31','Planlaşdırılmış',1,'Ləğv olunmuş','2025-01-05 07:16:31'),(1911,74,'2024-12-31','Planlaşdırılmış',1,'Fəaliyyətsiz','2025-01-05 07:16:31'),(1912,75,'2024-12-31','Planlaşdırılmış',1,'Fəaliyyətsiz','2025-01-05 07:16:31'),(1913,76,'2024-12-31','Planlaşdırılmış',1,'Ləğv olunmuş','2025-01-05 07:16:31'),(1914,77,'2024-12-31','Planlaşdırılmış',1,'Ləğvini gözləyən','2025-01-05 07:16:31'),(1915,78,'2024-12-31','Planlaşdırılmış',1,'Ləğvini gözləyən','2025-01-05 07:16:31'),(1916,79,'2024-12-31','Planlaşdırılmış',1,'Fəaliyyətsiz','2025-01-05 07:16:31'),(1917,80,'2024-12-31','Planlaşdırılmış',1,'Ləğv olunmuş','2025-01-05 07:16:31'),(1918,83,'2024-12-31','Planlaşdırılmış',1,'Quyuda su vurucu fonda keçirilməsi ilə əlaqədar təmir işləri gedir','2025-01-05 07:16:32'),(1919,87,'2024-12-31','Planlaşdırılmamış',1,'Qum tıxacı səbəbindən fəaliyyətsiz fonddadır.\nTəmir gözləyir','2025-01-05 07:16:32'),(1920,91,'2024-12-31','Planlaşdırılmış',1,'Ləğv olunmuş','2025-01-05 07:16:32'),(1921,92,'2024-12-31','Planlaşdırılmış',1,'Ləğv olunmuş','2025-01-05 07:16:32'),(1922,93,'2024-12-31','Planlaşdırılmış',1,'Ləğvini gözləyən','2025-01-05 07:16:32'),(1923,94,'2024-12-31','Planlaşdırılmış',1,'Ləğvini gözləyən','2025-01-05 07:16:32'),(1924,95,'2024-12-31','Planlaşdırılmış',1,'Ləğv olunmuş','2025-01-05 07:16:32'),(1925,96,'2024-12-31','Planlaşdırılmış',1,'Ləğv olunmuş','2025-01-05 07:16:32'),(1926,97,'2024-12-31','Planlaşdırılmış',1,'Ləğvini gözləyən','2025-01-05 07:16:32'),(1927,98,'2024-12-31','Planlaşdırılmış',1,'Ləğvini gözləyən','2025-01-05 07:16:32'),(1928,99,'2024-12-31','Planlaşdırılmış',1,'Fəaliyyətsiz','2025-01-05 07:16:32'),(1929,100,'2024-12-31','Planlaşdırılmış',1,'Fəaliyyətsiz','2025-01-05 07:16:32'),(1930,101,'2024-12-31','Planlaşdırılmış',1,'Fəaliyyətsiz','2025-01-05 07:16:32'),(1931,112,'2024-12-31','Planlaşdırılmış',2,'Təmirdə','2025-01-05 07:16:33'),(1932,121,'2024-12-31','Planlaşdırılmış',2,'Təmirdə','2025-01-05 07:16:33'),(1933,123,'2024-12-31','Planlaşdırılmış',2,'Təmirdə(Quyuda qalıb: Paker-2834,33m; 2,5\"-5,5əd-48,5m\nQn-2794m(gövdə))','2025-01-05 07:16:33'),(1934,133,'2024-12-31','Planlaşdırılmamış',40,'26.06.2024-c ü il tarixdən maye xəttində yaranan sızma ilə əlaqədar quyu saxlanılıb','2025-01-05 07:16:35'),(1935,134,'2024-12-31','Planlaşdırılmış',27,'Əsaslı təmir işi','2025-01-05 07:16:35'),(1936,139,'2024-12-31','Planlaşdırılmış',27,'Əsaslı təmir gözləyən','2025-01-05 07:16:35'),(1937,151,'2024-12-31','Planlaşdırılmış',27,'Keçən ildən dayanan','2025-01-05 07:16:35'),(1938,156,'2024-12-31','Planlaşdırılmamış',27,'Əsaslı təmir gözlüyən','2025-01-05 07:16:35'),(1939,157,'2024-12-31','Planlaşdırılmamış',39,'26.06.2024-c ü il tarixdən maye xəttində yaranan sızma ilə əlaqədar quyu saxlanılıb','2025-01-05 07:16:35'),(1940,161,'2024-12-31','Planlaşdırılmış',1,'Ləğv gözləyən','2025-01-05 07:16:35'),(1941,162,'2024-12-31','Planlaşdırılmış',1,'Ləğv olunmuş','2025-01-05 07:16:35'),(1942,163,'2024-12-31','Planlaşdırılmış',34,'Quyu geoloji səbəbdən ləgv  gözləyir.                          Son təmir 28.06.2019 -cu il','2025-01-05 07:16:36'),(1943,165,'2024-12-31','Planlaşdırılmış',27,'Quyunun lift borularında sızma olduğu üçün quyu periodik istismar edilir.','2025-01-05 07:16:36'),(1944,168,'2024-12-31','Planlaşdırılmış',1,'Ləğv olunmuş','2025-01-05 07:16:36'),(1945,169,'2024-12-31','Planlaşdırılmış',1,'Ləğvini gözləyən','2025-01-05 07:16:36'),(1946,170,'2024-12-31','Planlaşdırılmış',1,'Ləğv olunmuş','2025-01-05 07:16:36'),(1947,171,'2024-12-31','Planlaşdırılmış',1,'Fəaliyyətsiz','2025-01-05 07:16:36'),(1948,172,'2024-12-31','Planlaşdırılmış',1,'Ləğv olunmuş','2025-01-05 07:16:36'),(1949,173,'2024-12-31','Planlaşdırılmış',1,'Fəaliyyətsiz','2025-01-05 07:16:36'),(1950,174,'2024-12-31','Planlaşdırılmış',11,'Quyuda  114-73mm-lik  cəm 2219m, 48mm-lik 432m boruları qalmışdır. Quyu texniki səbəbdən ləgv gözləyir. Son təmir 27.04.2018 -ci il','2025-01-05 07:16:36');
/*!40000 ALTER TABLE `well_downtime_reasons` ENABLE KEYS */;
UNLOCK TABLES;

--
-- Table structure for table `well_stock`
--

DROP TABLE IF EXISTS `well_stock`;
/*!40101 SET @saved_cs_client     = @@character_set_client */;
/*!50503 SET character_set_client = utf8mb4 */;
CREATE TABLE `well_stock` (
  `id` int NOT NULL AUTO_INCREMENT,
  `well_id` int NOT NULL,
  `report_date` date NOT NULL,
  `well_stock_category_id` int DEFAULT NULL,
  `well_stock_sub_category_id` int DEFAULT NULL,
  `production_well_stock_sub_category_id` int DEFAULT NULL,
  `production_method_id` int DEFAULT NULL,
  `created_at` timestamp NULL DEFAULT CURRENT_TIMESTAMP,
  PRIMARY KEY (`id`),
  UNIQUE KEY `unique_well_stock` (`well_id`,`report_date`),
  KEY `well_stock_category_id` (`well_stock_category_id`),
  KEY `well_stock_sub_category_id` (`well_stock_sub_category_id`),
  KEY `production_well_stock_sub_category_id` (`production_well_stock_sub_category_id`),
  KEY `production_method_id` (`production_method_id`),
  CONSTRAINT `well_stock_ibfk_1` FOREIGN KEY (`well_id`) REFERENCES `wells` (`id`),
  CONSTRAINT `well_stock_ibfk_2` FOREIGN KEY (`well_stock_category_id`) REFERENCES `well_stock_categories` (`id`),
  CONSTRAINT `well_stock_ibfk_3` FOREIGN KEY (`well_stock_sub_category_id`) REFERENCES `well_stock_sub_categories` (`id`),
  CONSTRAINT `well_stock_ibfk_4` FOREIGN KEY (`production_well_stock_sub_category_id`) REFERENCES `production_well_stock_sub_categories` (`id`),
  CONSTRAINT `well_stock_ibfk_5` FOREIGN KEY (`production_method_id`) REFERENCES `production_methods` (`id`)
) ENGINE=InnoDB AUTO_INCREMENT=6126 DEFAULT CHARSET=utf8mb4 COLLATE=utf8mb4_0900_ai_ci;
/*!40101 SET character_set_client = @saved_cs_client */;

--
-- Dumping data for table `well_stock`
--

LOCK TABLES `well_stock` WRITE;
/*!40000 ALTER TABLE `well_stock` DISABLE KEYS */;
INSERT INTO `well_stock` VALUES (5760,175,'2024-12-31',1,1,1,2,'2025-01-05 07:16:17'),(5761,176,'2024-12-31',2,1,1,1,'2025-01-05 07:16:17'),(5762,177,'2024-12-31',1,1,3,NULL,'2025-01-05 07:16:17'),(5763,178,'2024-12-31',1,1,1,2,'2025-01-05 07:16:17'),(5764,179,'2024-12-31',2,1,1,1,'2025-01-05 07:16:17'),(5765,180,'2024-12-31',1,1,1,3,'2025-01-05 07:16:17'),(5766,181,'2024-12-31',1,1,1,2,'2025-01-05 07:16:17'),(5767,182,'2024-12-31',1,1,1,2,'2025-01-05 07:16:17'),(5768,183,'2024-12-31',2,1,1,1,'2025-01-05 07:16:18'),(5769,184,'2024-12-31',2,1,1,1,'2025-01-05 07:16:18'),(5770,185,'2024-12-31',1,1,1,3,'2025-01-05 07:16:18'),(5771,186,'2024-12-31',1,1,1,3,'2025-01-05 07:16:18'),(5772,187,'2024-12-31',2,1,1,1,'2025-01-05 07:16:18'),(5773,188,'2024-12-31',1,1,1,2,'2025-01-05 07:16:18'),(5774,189,'2024-12-31',1,1,1,1,'2025-01-05 07:16:18'),(5775,190,'2024-12-31',1,1,1,2,'2025-01-05 07:16:18'),(5776,191,'2024-12-31',2,1,1,1,'2025-01-05 07:16:18'),(5777,192,'2024-12-31',2,1,1,1,'2025-01-05 07:16:18'),(5778,193,'2024-12-31',1,1,1,3,'2025-01-05 07:16:18'),(5779,194,'2024-12-31',1,1,1,3,'2025-01-05 07:16:18'),(5780,195,'2024-12-31',1,1,3,1,'2025-01-05 07:16:18'),(5781,196,'2024-12-31',1,1,3,NULL,'2025-01-05 07:16:18'),(5782,197,'2024-12-31',1,1,3,NULL,'2025-01-05 07:16:18'),(5783,198,'2024-12-31',1,1,3,NULL,'2025-01-05 07:16:18'),(5784,199,'2024-12-31',1,1,3,NULL,'2025-01-05 07:16:18'),(5785,200,'2024-12-31',1,1,3,NULL,'2025-01-05 07:16:18'),(5786,201,'2024-12-31',1,1,3,NULL,'2025-01-05 07:16:18'),(5787,202,'2024-12-31',1,1,3,NULL,'2025-01-05 07:16:18'),(5788,203,'2024-12-31',1,3,NULL,NULL,'2025-01-05 07:16:18'),(5789,204,'2024-12-31',2,3,NULL,NULL,'2025-01-05 07:16:18'),(5790,205,'2024-12-31',1,3,NULL,NULL,'2025-01-05 07:16:18'),(5791,206,'2024-12-31',1,1,1,1,'2025-01-05 07:16:19'),(5792,207,'2024-12-31',1,1,1,3,'2025-01-05 07:16:19'),(5793,208,'2024-12-31',1,1,2,2,'2025-01-05 07:16:19'),(5794,209,'2024-12-31',1,1,1,2,'2025-01-05 07:16:19'),(5795,210,'2024-12-31',1,1,1,3,'2025-01-05 07:16:19'),(5796,211,'2024-12-31',1,1,2,3,'2025-01-05 07:16:19'),(5797,212,'2024-12-31',3,1,1,NULL,'2025-01-05 07:16:19'),(5798,213,'2024-12-31',1,1,1,1,'2025-01-05 07:16:19'),(5799,214,'2024-12-31',1,1,2,2,'2025-01-05 07:16:19'),(5800,215,'2024-12-31',3,1,1,NULL,'2025-01-05 07:16:19'),(5801,216,'2024-12-31',1,1,1,2,'2025-01-05 07:16:19'),(5802,217,'2024-12-31',1,1,2,2,'2025-01-05 07:16:19'),(5803,218,'2024-12-31',1,1,1,2,'2025-01-05 07:16:19'),(5804,219,'2024-12-31',1,1,1,2,'2025-01-05 07:16:19'),(5805,220,'2024-12-31',1,1,3,NULL,'2025-01-05 07:16:19'),(5806,221,'2024-12-31',1,1,1,2,'2025-01-05 07:16:19'),(5807,222,'2024-12-31',1,1,3,NULL,'2025-01-05 07:16:19'),(5808,223,'2024-12-31',1,1,2,2,'2025-01-05 07:16:19'),(5809,224,'2024-12-31',1,1,1,2,'2025-01-05 07:16:19'),(5810,225,'2024-12-31',1,1,1,3,'2025-01-05 07:16:19'),(5811,226,'2024-12-31',1,1,3,NULL,'2025-01-05 07:16:19'),(5812,227,'2024-12-31',1,1,3,NULL,'2025-01-05 07:16:19'),(5813,228,'2024-12-31',3,1,1,NULL,'2025-01-05 07:16:19'),(5814,229,'2024-12-31',1,1,2,2,'2025-01-05 07:16:19'),(5815,230,'2024-12-31',1,1,1,2,'2025-01-05 07:16:19'),(5816,231,'2024-12-31',1,1,1,2,'2025-01-05 07:16:19'),(5817,232,'2024-12-31',1,1,2,2,'2025-01-05 07:16:19'),(5818,233,'2024-12-31',1,1,3,NULL,'2025-01-05 07:16:19'),(5819,234,'2024-12-31',1,1,1,3,'2025-01-05 07:16:19'),(5820,235,'2024-12-31',1,1,2,2,'2025-01-05 07:16:19'),(5821,236,'2024-12-31',1,1,1,3,'2025-01-05 07:16:19'),(5822,237,'2024-12-31',1,1,1,1,'2025-01-05 07:16:19'),(5823,238,'2024-12-31',1,1,2,2,'2025-01-05 07:16:19'),(5824,239,'2024-12-31',1,1,1,2,'2025-01-05 07:16:19'),(5825,240,'2024-12-31',1,1,1,2,'2025-01-05 07:16:19'),(5826,241,'2024-12-31',1,2,NULL,NULL,'2025-01-05 07:16:19'),(5827,242,'2024-12-31',1,2,NULL,NULL,'2025-01-05 07:16:19'),(5828,243,'2024-12-31',3,1,3,NULL,'2025-01-05 07:16:19'),(5829,244,'2024-12-31',1,1,1,3,'2025-01-05 07:16:21'),(5830,245,'2024-12-31',1,1,1,3,'2025-01-05 07:16:21'),(5831,246,'2024-12-31',1,1,1,2,'2025-01-05 07:16:21'),(5832,247,'2024-12-31',1,1,1,3,'2025-01-05 07:16:21'),(5833,248,'2024-12-31',1,1,1,3,'2025-01-05 07:16:21'),(5834,249,'2024-12-31',1,1,1,3,'2025-01-05 07:16:21'),(5835,250,'2024-12-31',1,1,1,3,'2025-01-05 07:16:21'),(5836,251,'2024-12-31',1,1,1,3,'2025-01-05 07:16:21'),(5837,252,'2024-12-31',1,1,1,2,'2025-01-05 07:16:21'),(5838,253,'2024-12-31',2,1,1,1,'2025-01-05 07:16:21'),(5839,254,'2024-12-31',1,1,1,3,'2025-01-05 07:16:21'),(5840,255,'2024-12-31',2,1,1,1,'2025-01-05 07:16:21'),(5841,256,'2024-12-31',2,1,1,1,'2025-01-05 07:16:21'),(5842,257,'2024-12-31',1,1,1,1,'2025-01-05 07:16:21'),(5843,258,'2024-12-31',1,1,1,2,'2025-01-05 07:16:21'),(5844,259,'2024-12-31',3,1,1,NULL,'2025-01-05 07:16:21'),(5845,260,'2024-12-31',2,1,2,NULL,'2025-01-05 07:16:21'),(5846,261,'2024-12-31',1,1,1,2,'2025-01-05 07:16:21'),(5847,262,'2024-12-31',1,1,1,2,'2025-01-05 07:16:21'),(5848,263,'2024-12-31',2,1,1,1,'2025-01-05 07:16:21'),(5849,264,'2024-12-31',1,1,1,3,'2025-01-05 07:16:21'),(5850,265,'2024-12-31',1,1,1,3,'2025-01-05 07:16:21'),(5851,266,'2024-12-31',2,1,1,1,'2025-01-05 07:16:21'),(5852,267,'2024-12-31',1,1,1,3,'2025-01-05 07:16:21'),(5853,268,'2024-12-31',1,1,1,3,'2025-01-05 07:16:21'),(5854,269,'2024-12-31',1,1,1,3,'2025-01-05 07:16:21'),(5855,270,'2024-12-31',2,1,1,1,'2025-01-05 07:16:21'),(5856,271,'2024-12-31',2,1,1,1,'2025-01-05 07:16:21'),(5857,272,'2024-12-31',1,1,1,3,'2025-01-05 07:16:21'),(5858,273,'2024-12-31',1,1,1,3,'2025-01-05 07:16:21'),(5859,274,'2024-12-31',2,1,3,NULL,'2025-01-05 07:16:21'),(5860,275,'2024-12-31',2,1,1,1,'2025-01-05 07:16:22'),(5861,276,'2024-12-31',1,1,1,2,'2025-01-05 07:16:22'),(5862,277,'2024-12-31',1,1,1,2,'2025-01-05 07:16:22'),(5863,278,'2024-12-31',1,1,1,3,'2025-01-05 07:16:22'),(5864,279,'2024-12-31',2,1,3,1,'2025-01-05 07:16:22'),(5865,280,'2024-12-31',1,1,1,2,'2025-01-05 07:16:22'),(5866,281,'2024-12-31',2,1,1,1,'2025-01-05 07:16:22'),(5867,282,'2024-12-31',2,1,1,1,'2025-01-05 07:16:22'),(5868,283,'2024-12-31',2,1,1,1,'2025-01-05 07:16:22'),(5869,284,'2024-12-31',2,1,1,1,'2025-01-05 07:16:22'),(5870,285,'2024-12-31',1,1,1,3,'2025-01-05 07:16:22'),(5871,286,'2024-12-31',1,1,3,NULL,'2025-01-05 07:16:22'),(5872,287,'2024-12-31',1,1,3,NULL,'2025-01-05 07:16:22'),(5873,288,'2024-12-31',1,1,1,1,'2025-01-05 07:16:22'),(5874,289,'2024-12-31',2,1,3,1,'2025-01-05 07:16:22'),(5875,290,'2024-12-31',1,1,1,2,'2025-01-05 07:16:22'),(5876,291,'2024-12-31',1,1,1,2,'2025-01-05 07:16:22'),(5877,292,'2024-12-31',2,1,1,1,'2025-01-05 07:16:22'),(5878,293,'2024-12-31',1,1,1,1,'2025-01-05 07:16:22'),(5879,294,'2024-12-31',2,1,1,1,'2025-01-05 07:16:22'),(5880,295,'2024-12-31',1,1,1,3,'2025-01-05 07:16:22'),(5881,296,'2024-12-31',2,1,1,1,'2025-01-05 07:16:22'),(5882,297,'2024-12-31',2,1,1,1,'2025-01-05 07:16:22'),(5883,298,'2024-12-31',1,1,1,3,'2025-01-05 07:16:22'),(5884,299,'2024-12-31',1,1,1,3,'2025-01-05 07:16:22'),(5885,300,'2024-12-31',1,1,1,1,'2025-01-05 07:16:22'),(5886,301,'2024-12-31',1,1,1,2,'2025-01-05 07:16:23'),(5887,302,'2024-12-31',1,1,1,2,'2025-01-05 07:16:23'),(5888,303,'2024-12-31',1,1,1,2,'2025-01-05 07:16:23'),(5889,304,'2024-12-31',2,1,1,1,'2025-01-05 07:16:23'),(5890,305,'2024-12-31',2,1,1,1,'2025-01-05 07:16:23'),(5891,306,'2024-12-31',1,1,1,3,'2025-01-05 07:16:23'),(5892,307,'2024-12-31',1,1,1,2,'2025-01-05 07:16:23'),(5893,308,'2024-12-31',1,1,1,3,'2025-01-05 07:16:23'),(5894,309,'2024-12-31',1,1,1,3,'2025-01-05 07:16:23'),(5895,310,'2024-12-31',1,1,1,3,'2025-01-05 07:16:23'),(5896,311,'2024-12-31',1,1,1,3,'2025-01-05 07:16:23'),(5897,352,'2024-12-31',2,1,3,NULL,'2025-01-05 07:16:23'),(5898,353,'2024-12-31',2,2,NULL,NULL,'2025-01-05 07:16:23'),(5899,354,'2024-12-31',1,3,NULL,NULL,'2025-01-05 07:16:23'),(5900,355,'2024-12-31',3,3,NULL,NULL,'2025-01-05 07:16:23'),(5901,356,'2024-12-31',2,2,NULL,NULL,'2025-01-05 07:16:23'),(5902,357,'2024-12-31',3,1,3,NULL,'2025-01-05 07:16:23'),(5903,358,'2024-12-31',2,3,NULL,NULL,'2025-01-05 07:16:23'),(5904,359,'2024-12-31',1,3,NULL,NULL,'2025-01-05 07:16:23'),(5905,360,'2024-12-31',1,3,NULL,NULL,'2025-01-05 07:16:23'),(5906,312,'2024-12-31',3,1,1,NULL,'2025-01-05 07:16:24'),(5907,313,'2024-12-31',1,1,2,2,'2025-01-05 07:16:24'),(5908,314,'2024-12-31',3,1,1,NULL,'2025-01-05 07:16:24'),(5909,315,'2024-12-31',1,1,3,2,'2025-01-05 07:16:24'),(5910,316,'2024-12-31',1,1,1,3,'2025-01-05 07:16:24'),(5911,317,'2024-12-31',1,1,1,3,'2025-01-05 07:16:24'),(5912,318,'2024-12-31',2,1,1,2,'2025-01-05 07:16:24'),(5913,319,'2024-12-31',1,1,1,2,'2025-01-05 07:16:24'),(5914,320,'2024-12-31',1,1,1,2,'2025-01-05 07:16:24'),(5915,321,'2024-12-31',1,1,1,2,'2025-01-05 07:16:24'),(5916,322,'2024-12-31',1,1,1,2,'2025-01-05 07:16:24'),(5917,323,'2024-12-31',3,1,1,NULL,'2025-01-05 07:16:24'),(5918,324,'2024-12-31',1,1,1,2,'2025-01-05 07:16:24'),(5919,325,'2024-12-31',1,1,1,2,'2025-01-05 07:16:24'),(5920,326,'2024-12-31',1,1,1,2,'2025-01-05 07:16:24'),(5921,327,'2024-12-31',1,1,1,2,'2025-01-05 07:16:24'),(5922,328,'2024-12-31',1,1,1,2,'2025-01-05 07:16:24'),(5923,329,'2024-12-31',1,1,3,NULL,'2025-01-05 07:16:24'),(5924,330,'2024-12-31',1,1,1,2,'2025-01-05 07:16:24'),(5925,331,'2024-12-31',1,1,1,2,'2025-01-05 07:16:24'),(5926,332,'2024-12-31',1,1,1,2,'2025-01-05 07:16:24'),(5927,347,'2024-12-31',1,1,3,NULL,'2025-01-05 07:16:24'),(5928,348,'2024-12-31',1,3,NULL,NULL,'2025-01-05 07:16:24'),(5929,349,'2024-12-31',3,1,3,NULL,'2025-01-05 07:16:24'),(5930,350,'2024-12-31',3,1,3,NULL,'2025-01-05 07:16:24'),(5931,351,'2024-12-31',3,1,3,NULL,'2025-01-05 07:16:24'),(5932,333,'2024-12-31',1,1,2,3,'2025-01-05 07:16:25'),(5933,334,'2024-12-31',1,1,1,2,'2025-01-05 07:16:25'),(5934,335,'2024-12-31',1,1,3,NULL,'2025-01-05 07:16:25'),(5935,336,'2024-12-31',1,1,1,3,'2025-01-05 07:16:25'),(5936,337,'2024-12-31',1,1,1,2,'2025-01-05 07:16:25'),(5937,339,'2024-12-31',1,1,1,2,'2025-01-05 07:16:25'),(5938,340,'2024-12-31',2,1,1,1,'2025-01-05 07:16:25'),(5939,341,'2024-12-31',1,1,1,1,'2025-01-05 07:16:25'),(5940,342,'2024-12-31',1,1,1,2,'2025-01-05 07:16:25'),(5941,343,'2024-12-31',1,1,1,2,'2025-01-05 07:16:25'),(5942,344,'2024-12-31',1,1,1,2,'2025-01-05 07:16:25'),(5943,345,'2024-12-31',1,2,NULL,NULL,'2025-01-05 07:16:25'),(5944,346,'2024-12-31',2,1,3,NULL,'2025-01-05 07:16:25'),(5945,1,'2024-12-31',1,1,1,3,'2025-01-05 07:16:26'),(5946,2,'2024-12-31',1,1,1,3,'2025-01-05 07:16:26'),(5947,3,'2024-12-31',1,1,1,3,'2025-01-05 07:16:27'),(5948,4,'2024-12-31',1,1,1,2,'2025-01-05 07:16:27'),(5949,5,'2024-12-31',1,1,1,2,'2025-01-05 07:16:27'),(5950,6,'2024-12-31',1,1,1,2,'2025-01-05 07:16:27'),(5951,7,'2024-12-31',1,1,1,2,'2025-01-05 07:16:27'),(5952,8,'2024-12-31',1,1,1,3,'2025-01-05 07:16:27'),(5953,9,'2024-12-31',1,2,NULL,NULL,'2025-01-05 07:16:27'),(5954,10,'2024-12-31',1,3,NULL,NULL,'2025-01-05 07:16:27'),(5955,11,'2024-12-31',1,2,NULL,NULL,'2025-01-05 07:16:27'),(5956,12,'2024-12-31',1,2,NULL,NULL,'2025-01-05 07:16:27'),(5957,13,'2024-12-31',3,1,3,NULL,'2025-01-05 07:16:27'),(5958,14,'2024-12-31',1,1,1,2,'2025-01-05 07:16:28'),(5959,15,'2024-12-31',1,1,3,NULL,'2025-01-05 07:16:28'),(5960,16,'2024-12-31',1,1,1,2,'2025-01-05 07:16:28'),(5961,17,'2024-12-31',2,1,1,1,'2025-01-05 07:16:28'),(5962,18,'2024-12-31',2,1,3,NULL,'2025-01-05 07:16:28'),(5963,19,'2024-12-31',2,1,1,1,'2025-01-05 07:16:28'),(5964,20,'2024-12-31',1,1,1,2,'2025-01-05 07:16:28'),(5965,21,'2024-12-31',2,1,1,1,'2025-01-05 07:16:28'),(5966,22,'2024-12-31',2,1,3,NULL,'2025-01-05 07:16:28'),(5967,23,'2024-12-31',1,1,3,NULL,'2025-01-05 07:16:28'),(5968,24,'2024-12-31',1,1,1,2,'2025-01-05 07:16:28'),(5969,25,'2024-12-31',1,1,1,2,'2025-01-05 07:16:28'),(5970,26,'2024-12-31',1,1,1,2,'2025-01-05 07:16:28'),(5971,27,'2024-12-31',1,1,1,3,'2025-01-05 07:16:28'),(5972,28,'2024-12-31',1,1,1,3,'2025-01-05 07:16:28'),(5973,361,'2024-12-31',3,2,NULL,NULL,'2025-01-05 07:16:28'),(5974,362,'2024-12-31',3,2,NULL,NULL,'2025-01-05 07:16:28'),(5975,363,'2024-12-31',1,2,NULL,NULL,'2025-01-05 07:16:28'),(5976,364,'2024-12-31',2,3,NULL,NULL,'2025-01-05 07:16:28'),(5977,365,'2024-12-31',1,3,NULL,NULL,'2025-01-05 07:16:28'),(5978,366,'2024-12-31',3,1,3,NULL,'2025-01-05 07:16:28'),(5979,367,'2024-12-31',3,1,3,NULL,'2025-01-05 07:16:28'),(5980,368,'2024-12-31',3,1,3,NULL,'2025-01-05 07:16:28'),(5981,369,'2024-12-31',3,2,NULL,NULL,'2025-01-05 07:16:28'),(5982,29,'2024-12-31',2,1,1,1,'2025-01-05 07:16:29'),(5983,30,'2024-12-31',1,1,1,3,'2025-01-05 07:16:29'),(5984,31,'2024-12-31',1,1,1,2,'2025-01-05 07:16:29'),(5985,32,'2024-12-31',1,1,3,2,'2025-01-05 07:16:29'),(5986,33,'2024-12-31',1,1,1,2,'2025-01-05 07:16:29'),(5987,34,'2024-12-31',1,1,1,2,'2025-01-05 07:16:29'),(5988,35,'2024-12-31',1,1,1,2,'2025-01-05 07:16:29'),(5989,36,'2024-12-31',1,1,1,2,'2025-01-05 07:16:29'),(5990,37,'2024-12-31',1,1,1,3,'2025-01-05 07:16:29'),(5991,38,'2024-12-31',1,1,1,3,'2025-01-05 07:16:29'),(5992,39,'2024-12-31',3,2,NULL,NULL,'2025-01-05 07:16:29'),(5993,40,'2024-12-31',3,3,NULL,NULL,'2025-01-05 07:16:29'),(5994,41,'2024-12-31',1,2,NULL,NULL,'2025-01-05 07:16:29'),(5995,42,'2024-12-31',1,2,NULL,NULL,'2025-01-05 07:16:29'),(5996,43,'2024-12-31',1,2,NULL,NULL,'2025-01-05 07:16:29'),(5997,44,'2024-12-31',1,2,NULL,NULL,'2025-01-05 07:16:29'),(5998,45,'2024-12-31',1,2,NULL,NULL,'2025-01-05 07:16:29'),(5999,46,'2024-12-31',3,2,NULL,NULL,'2025-01-05 07:16:29'),(6000,47,'2024-12-31',3,2,NULL,NULL,'2025-01-05 07:16:29'),(6001,48,'2024-12-31',1,3,NULL,NULL,'2025-01-05 07:16:29'),(6002,49,'2024-12-31',1,1,1,3,'2025-01-05 07:16:30'),(6003,50,'2024-12-31',3,1,1,NULL,'2025-01-05 07:16:30'),(6004,51,'2024-12-31',3,1,1,NULL,'2025-01-05 07:16:30'),(6005,52,'2024-12-31',1,1,1,2,'2025-01-05 07:16:30'),(6006,53,'2024-12-31',1,1,1,2,'2025-01-05 07:16:30'),(6007,54,'2024-12-31',3,1,1,NULL,'2025-01-05 07:16:30'),(6008,55,'2024-12-31',1,1,1,2,'2025-01-05 07:16:30'),(6009,56,'2024-12-31',1,1,1,2,'2025-01-05 07:16:30'),(6010,57,'2024-12-31',1,1,1,3,'2025-01-05 07:16:30'),(6011,58,'2024-12-31',1,1,1,2,'2025-01-05 07:16:30'),(6012,59,'2024-12-31',1,1,3,3,'2025-01-05 07:16:30'),(6013,60,'2024-12-31',1,1,3,2,'2025-01-05 07:16:30'),(6014,61,'2024-12-31',1,1,1,2,'2025-01-05 07:16:30'),(6015,62,'2024-12-31',1,1,1,2,'2025-01-05 07:16:31'),(6016,63,'2024-12-31',1,1,1,2,'2025-01-05 07:16:31'),(6017,64,'2024-12-31',1,1,1,3,'2025-01-05 07:16:31'),(6018,65,'2024-12-31',1,1,1,2,'2025-01-05 07:16:31'),(6019,66,'2024-12-31',1,1,1,3,'2025-01-05 07:16:31'),(6020,67,'2024-12-31',1,1,1,3,'2025-01-05 07:16:31'),(6021,68,'2024-12-31',1,1,1,2,'2025-01-05 07:16:31'),(6022,69,'2024-12-31',1,1,1,1,'2025-01-05 07:16:31'),(6023,70,'2024-12-31',1,1,1,3,'2025-01-05 07:16:31'),(6024,71,'2024-12-31',1,1,1,3,'2025-01-05 07:16:31'),(6025,72,'2024-12-31',1,1,1,2,'2025-01-05 07:16:31'),(6026,73,'2024-12-31',1,2,NULL,NULL,'2025-01-05 07:16:31'),(6027,74,'2024-12-31',3,1,3,NULL,'2025-01-05 07:16:31'),(6028,75,'2024-12-31',3,1,3,NULL,'2025-01-05 07:16:31'),(6029,76,'2024-12-31',1,2,NULL,NULL,'2025-01-05 07:16:31'),(6030,77,'2024-12-31',3,3,NULL,NULL,'2025-01-05 07:16:31'),(6031,78,'2024-12-31',1,3,NULL,NULL,'2025-01-05 07:16:31'),(6032,79,'2024-12-31',3,1,3,NULL,'2025-01-05 07:16:31'),(6033,80,'2024-12-31',3,2,NULL,NULL,'2025-01-05 07:16:31'),(6034,81,'2024-12-31',1,1,1,3,'2025-01-05 07:16:32'),(6035,82,'2024-12-31',1,1,1,2,'2025-01-05 07:16:32'),(6036,83,'2024-12-31',1,1,2,2,'2025-01-05 07:16:32'),(6037,84,'2024-12-31',1,1,1,3,'2025-01-05 07:16:32'),(6038,85,'2024-12-31',1,1,1,2,'2025-01-05 07:16:32'),(6039,86,'2024-12-31',1,1,1,2,'2025-01-05 07:16:32'),(6040,87,'2024-12-31',1,1,2,2,'2025-01-05 07:16:32'),(6041,88,'2024-12-31',1,1,1,2,'2025-01-05 07:16:32'),(6042,89,'2024-12-31',1,1,1,3,'2025-01-05 07:16:32'),(6043,90,'2024-12-31',1,1,1,3,'2025-01-05 07:16:32'),(6044,91,'2024-12-31',3,2,NULL,NULL,'2025-01-05 07:16:32'),(6045,92,'2024-12-31',3,2,NULL,NULL,'2025-01-05 07:16:32'),(6046,93,'2024-12-31',1,3,NULL,NULL,'2025-01-05 07:16:32'),(6047,94,'2024-12-31',1,3,NULL,NULL,'2025-01-05 07:16:32'),(6048,95,'2024-12-31',3,2,NULL,NULL,'2025-01-05 07:16:32'),(6049,96,'2024-12-31',1,2,NULL,NULL,'2025-01-05 07:16:32'),(6050,97,'2024-12-31',2,3,NULL,NULL,'2025-01-05 07:16:32'),(6051,98,'2024-12-31',2,3,NULL,NULL,'2025-01-05 07:16:32'),(6052,99,'2024-12-31',3,1,3,NULL,'2025-01-05 07:16:32'),(6053,100,'2024-12-31',3,1,3,NULL,'2025-01-05 07:16:32'),(6054,101,'2024-12-31',3,1,3,NULL,'2025-01-05 07:16:32'),(6055,102,'2024-12-31',2,1,1,1,'2025-01-05 07:16:33'),(6056,103,'2024-12-31',1,1,1,1,'2025-01-05 07:16:33'),(6057,104,'2024-12-31',1,1,1,3,'2025-01-05 07:16:33'),(6058,105,'2024-12-31',1,1,1,3,'2025-01-05 07:16:33'),(6059,106,'2024-12-31',1,1,1,3,'2025-01-05 07:16:33'),(6060,107,'2024-12-31',1,1,1,2,'2025-01-05 07:16:33'),(6061,108,'2024-12-31',1,1,1,3,'2025-01-05 07:16:33'),(6062,109,'2024-12-31',2,1,1,1,'2025-01-05 07:16:33'),(6063,110,'2024-12-31',1,1,1,3,'2025-01-05 07:16:33'),(6064,111,'2024-12-31',1,1,1,3,'2025-01-05 07:16:33'),(6065,112,'2024-12-31',1,1,2,1,'2025-01-05 07:16:33'),(6066,113,'2024-12-31',1,1,1,1,'2025-01-05 07:16:33'),(6067,114,'2024-12-31',1,1,1,3,'2025-01-05 07:16:33'),(6068,115,'2024-12-31',2,1,1,1,'2025-01-05 07:16:33'),(6069,116,'2024-12-31',1,1,1,3,'2025-01-05 07:16:33'),(6070,117,'2024-12-31',1,1,1,3,'2025-01-05 07:16:33'),(6071,118,'2024-12-31',1,1,1,2,'2025-01-05 07:16:33'),(6072,119,'2024-12-31',1,1,1,2,'2025-01-05 07:16:33'),(6073,120,'2024-12-31',2,1,1,1,'2025-01-05 07:16:33'),(6074,121,'2024-12-31',1,1,2,1,'2025-01-05 07:16:33'),(6075,122,'2024-12-31',1,1,1,2,'2025-01-05 07:16:33'),(6076,123,'2024-12-31',1,1,2,1,'2025-01-05 07:16:33'),(6077,124,'2024-12-31',1,1,1,1,'2025-01-05 07:16:33'),(6078,125,'2024-12-31',1,1,1,2,'2025-01-05 07:16:33'),(6079,126,'2024-12-31',1,1,1,2,'2025-01-05 07:16:33'),(6080,127,'2024-12-31',1,1,1,2,'2025-01-05 07:16:33'),(6081,128,'2024-12-31',1,1,1,1,'2025-01-05 07:16:33'),(6082,129,'2024-12-31',1,1,1,3,'2025-01-05 07:16:33'),(6083,130,'2024-12-31',1,1,1,3,'2025-01-05 07:16:33'),(6084,131,'2024-12-31',1,1,1,3,'2025-01-05 07:16:33'),(6085,132,'2024-12-31',1,1,1,1,'2025-01-05 07:16:33'),(6086,133,'2024-12-31',1,1,3,NULL,'2025-01-05 07:16:34'),(6087,134,'2024-12-31',1,1,3,NULL,'2025-01-05 07:16:35'),(6088,135,'2024-12-31',1,1,1,3,'2025-01-05 07:16:35'),(6089,136,'2024-12-31',1,1,1,3,'2025-01-05 07:16:35'),(6090,137,'2024-12-31',1,1,1,2,'2025-01-05 07:16:35'),(6091,138,'2024-12-31',1,1,1,1,'2025-01-05 07:16:35'),(6092,139,'2024-12-31',2,1,3,NULL,'2025-01-05 07:16:35'),(6093,140,'2024-12-31',1,1,1,3,'2025-01-05 07:16:35'),(6094,141,'2024-12-31',1,1,1,3,'2025-01-05 07:16:35'),(6095,142,'2024-12-31',2,1,1,1,'2025-01-05 07:16:35'),(6096,143,'2024-12-31',1,1,1,3,'2025-01-05 07:16:35'),(6097,144,'2024-12-31',1,1,1,3,'2025-01-05 07:16:35'),(6098,145,'2024-12-31',1,1,1,1,'2025-01-05 07:16:35'),(6099,147,'2024-12-31',1,1,1,1,'2025-01-05 07:16:35'),(6100,149,'2024-12-31',1,1,1,3,'2025-01-05 07:16:35'),(6101,150,'2024-12-31',1,1,1,3,'2025-01-05 07:16:35'),(6102,151,'2024-12-31',1,1,3,NULL,'2025-01-05 07:16:35'),(6103,152,'2024-12-31',1,1,1,3,'2025-01-05 07:16:35'),(6104,153,'2024-12-31',1,1,1,1,'2025-01-05 07:16:35'),(6105,154,'2024-12-31',1,1,1,3,'2025-01-05 07:16:35'),(6106,155,'2024-12-31',1,1,1,2,'2025-01-05 07:16:35'),(6107,156,'2024-12-31',1,1,3,NULL,'2025-01-05 07:16:35'),(6108,157,'2024-12-31',1,1,3,NULL,'2025-01-05 07:16:35'),(6109,158,'2024-12-31',1,1,1,1,'2025-01-05 07:16:35'),(6110,159,'2024-12-31',1,1,1,2,'2025-01-05 07:16:35'),(6111,160,'2024-12-31',1,1,1,3,'2025-01-05 07:16:35'),(6112,161,'2024-12-31',1,3,NULL,NULL,'2025-01-05 07:16:35'),(6113,162,'2024-12-31',1,2,NULL,NULL,'2025-01-05 07:16:35'),(6114,163,'2024-12-31',1,3,NULL,NULL,'2025-01-05 07:16:36'),(6115,164,'2024-12-31',2,1,1,1,'2025-01-05 07:16:36'),(6116,165,'2024-12-31',1,1,1,2,'2025-01-05 07:16:36'),(6117,166,'2024-12-31',1,1,1,2,'2025-01-05 07:16:36'),(6118,167,'2024-12-31',1,1,1,3,'2025-01-05 07:16:36'),(6119,168,'2024-12-31',1,2,NULL,NULL,'2025-01-05 07:16:36'),(6120,169,'2024-12-31',1,3,NULL,NULL,'2025-01-05 07:16:36'),(6121,170,'2024-12-31',1,2,NULL,NULL,'2025-01-05 07:16:36'),(6122,171,'2024-12-31',3,1,3,NULL,'2025-01-05 07:16:36'),(6123,172,'2024-12-31',1,2,NULL,NULL,'2025-01-05 07:16:36'),(6124,173,'2024-12-31',3,1,3,NULL,'2025-01-05 07:16:36'),(6125,174,'2024-12-31',1,3,NULL,NULL,'2025-01-05 07:16:36');
/*!40000 ALTER TABLE `well_stock` ENABLE KEYS */;
UNLOCK TABLES;

--
-- Table structure for table `well_stock_categories`
--

DROP TABLE IF EXISTS `well_stock_categories`;
/*!40101 SET @saved_cs_client     = @@character_set_client */;
/*!50503 SET character_set_client = utf8mb4 */;
CREATE TABLE `well_stock_categories` (
  `id` int NOT NULL AUTO_INCREMENT,
  `name` varchar(255) NOT NULL,
  PRIMARY KEY (`id`),
  UNIQUE KEY `unique_well_stock_category` (`name`)
) ENGINE=InnoDB AUTO_INCREMENT=7 DEFAULT CHARSET=utf8mb4 COLLATE=utf8mb4_0900_ai_ci;
/*!40101 SET character_set_client = @saved_cs_client */;

--
-- Dumping data for table `well_stock_categories`
--

LOCK TABLES `well_stock_categories` WRITE;
/*!40000 ALTER TABLE `well_stock_categories` DISABLE KEYS */;
INSERT INTO `well_stock_categories` VALUES (5,'Müşahidə quyu fondu'),(1,'Neft quyu fondu'),(2,'Qaz quyu fondu'),(4,'Qazvurucu quyu fondu'),(3,'Suvurucu quyu fondu'),(6,'Uducu quyu fondu');
/*!40000 ALTER TABLE `well_stock_categories` ENABLE KEYS */;
UNLOCK TABLES;

--
-- Table structure for table `well_stock_sub_categories`
--

DROP TABLE IF EXISTS `well_stock_sub_categories`;
/*!40101 SET @saved_cs_client     = @@character_set_client */;
/*!50503 SET character_set_client = utf8mb4 */;
CREATE TABLE `well_stock_sub_categories` (
  `id` int NOT NULL AUTO_INCREMENT,
  `name` varchar(255) NOT NULL,
  PRIMARY KEY (`id`),
  UNIQUE KEY `unique_well_stock_sub_category` (`name`)
) ENGINE=InnoDB AUTO_INCREMENT=5 DEFAULT CHARSET=utf8mb4 COLLATE=utf8mb4_0900_ai_ci;
/*!40101 SET character_set_client = @saved_cs_client */;

--
-- Dumping data for table `well_stock_sub_categories`
--

LOCK TABLES `well_stock_sub_categories` WRITE;
/*!40000 ALTER TABLE `well_stock_sub_categories` DISABLE KEYS */;
INSERT INTO `well_stock_sub_categories` VALUES (1,'İstismar'),(4,'Konservasiyada olan'),(2,'Ləğv olunmuş '),(3,'Ləğvini gözləyən');
/*!40000 ALTER TABLE `well_stock_sub_categories` ENABLE KEYS */;
UNLOCK TABLES;

--
-- Table structure for table `well_tests`
--

DROP TABLE IF EXISTS `well_tests`;
/*!40101 SET @saved_cs_client     = @@character_set_client */;
/*!50503 SET character_set_client = utf8mb4 */;
CREATE TABLE `well_tests` (
  `id` int NOT NULL AUTO_INCREMENT,
  `well_id` int NOT NULL,
  `well_test_date` date NOT NULL,
  `choke` varchar(255) DEFAULT NULL,
  `pqa` varchar(255) DEFAULT NULL,
  `phf` varchar(255) DEFAULT NULL,
  `pba` varchar(255) DEFAULT NULL,
  `p6x9` varchar(255) DEFAULT NULL,
  `p9x13` varchar(255) DEFAULT NULL,
  `p13x20` varchar(255) DEFAULT NULL,
  `liquid_ton` int DEFAULT NULL,
  `total_gas` int DEFAULT NULL,
  `gaslift_gas` int DEFAULT NULL,
  `water_cut` float DEFAULT NULL,
  `mechanical_impurities` float DEFAULT NULL,
  `oil_density` float DEFAULT NULL,
  `created_at` timestamp NULL DEFAULT CURRENT_TIMESTAMP,
  PRIMARY KEY (`id`),
  UNIQUE KEY `unique_well_test` (`well_id`,`well_test_date`),
  CONSTRAINT `well_tests_ibfk_1` FOREIGN KEY (`well_id`) REFERENCES `wells` (`id`)
) ENGINE=InnoDB AUTO_INCREMENT=6126 DEFAULT CHARSET=utf8mb4 COLLATE=utf8mb4_0900_ai_ci;
/*!40101 SET character_set_client = @saved_cs_client */;

--
-- Dumping data for table `well_tests`
--

LOCK TABLES `well_tests` WRITE;
/*!40000 ALTER TABLE `well_tests` DISABLE KEYS */;
INSERT INTO `well_tests` VALUES (5760,175,'2024-12-26','10','28/37','46','65','0','0','0',36,31300,22000,51,0.2,0.861,'2025-01-05 07:16:17'),(5761,176,'2024-12-31','16/18/21','93/104','0','18/6','15','15','0',26,258000,0,74,0.5,0.755,'2025-01-05 07:16:17'),(5762,177,'2023-09-16','8','43/52','85/90','58','0','0','0',44,0,0,2.3,0,0.8725,'2025-01-05 07:16:17'),(5763,178,'2024-12-26','10','28/30','50','54','10','0','0',25,29100,19000,0,0,0.861,'2025-01-05 07:16:17'),(5764,179,'2024-12-31','19/22','69/70','0','85','6','0','0',4,225000,0,0,0.1,0.754,'2025-01-05 07:16:17'),(5765,180,'2024-12-26','11','17/23','50','47','0','0','0',14,26700,15000,6,0,0.8725,'2025-01-05 07:16:17'),(5766,181,'2024-12-28','11','17/19','38','44','0','0','0',5,27800,11000,0,0.2,0.8725,'2025-01-05 07:16:17'),(5767,182,'2024-12-24','10','0','0','0','12','6','0',0,0,0,56,0.1,0.861,'2025-01-05 07:16:18'),(5768,183,'2024-12-25','12/15','61/62','70','77','77','0','0',4,46000,0,85,0.1,0.753,'2025-01-05 07:16:18'),(5769,184,'2024-12-25','18/20','68/69','0','77','15','0','0',2,186000,0,7,0,0.753,'2025-01-05 07:16:18'),(5770,185,'2024-12-26','12','29/32','76','99','0','0','0',133,19800,7000,50,0.1,0.855,'2025-01-05 07:16:18'),(5771,186,'2024-12-26','11','50/54','94','94','0','5','0',182,29200,18000,71,0.1,0.855,'2025-01-05 07:16:18'),(5772,187,'2024-12-25','11/14/18','118/119','0','17','0','0','0',2,195000,0,0,0,0.754,'2025-01-05 07:16:18'),(5773,188,'2024-12-26','12','20/28','63','75','0','0','0',69,27700,15000,0,0,0.855,'2025-01-05 07:16:18'),(5774,189,'2024-12-28','11.14','57/58','0','78','74','3','0',16,80000,0,90,0.3,0.753,'2025-01-05 07:16:18'),(5775,190,'2024-12-31','12','19/21','45','50','0','0','0',18,28500,19000,0,0,0.8725,'2025-01-05 07:16:18'),(5776,191,'2024-12-25','18/21','61/62','0','76','0','0','0',4,129000,0,76,0.1,0.753,'2025-01-05 07:16:18'),(5777,192,'2024-12-25','12/16','26/32','0','45','0','4','0',40,44000,0,97,0.2,0.733,'2025-01-05 07:16:18'),(5778,193,'2024-12-26','17','23/25','115','106','37','0','0',288,21000,14000,77,0,0.855,'2025-01-05 07:16:18'),(5779,194,'2024-12-26','9','20/28','60','76','0','0','0',28,15000,9000,0,0.1,0.861,'2025-01-05 07:16:18'),(5780,195,'1899-12-31','0','0','0','0','0','0','0',0,0,0,0,0,0,'2025-01-05 07:16:18'),(5781,196,'1899-12-31','0','0','0','0','0','0','0',0,0,0,0,0,0,'2025-01-05 07:16:18'),(5782,197,'1899-12-31','0','0','0','0','0','0','0',0,0,0,0,0,0,'2025-01-05 07:16:18'),(5783,198,'1899-12-31','0','0','0','0','0','0','0',0,0,0,0,0,0,'2025-01-05 07:16:18'),(5784,199,'1899-12-31','0','0','0','0','0','0','0',0,0,0,0,0,0,'2025-01-05 07:16:18'),(5785,200,'1899-12-31','0','0','0','0','0','0','0',0,0,0,0,0,0,'2025-01-05 07:16:18'),(5786,201,'1899-12-31','0','0','0','0','0','0','0',0,0,0,0,0,0,'2025-01-05 07:16:18'),(5787,202,'1899-12-31','0','0','0','0','0','0','0',0,0,0,0,0,0,'2025-01-05 07:16:18'),(5788,203,'1899-12-31','0','0','0','0','0','0','0',0,0,0,0,0,0,'2025-01-05 07:16:18'),(5789,204,'1899-12-31','0','0','0','0','0','0','0',0,0,0,0,0,0,'2025-01-05 07:16:18'),(5790,205,'1899-12-31','0','0','0','0','0','0','0',0,0,0,0,0,0,'2025-01-05 07:16:18'),(5791,206,'2024-12-30','10','44/50','140','140','0','0','0',191,14100,0,35,0.2,0.855,'2025-01-05 07:16:19'),(5792,207,'2024-12-30','15','11/25','44/45','72/73','36','0','0',57,38900,29000,81,0.1,0.861,'2025-01-05 07:16:19'),(5793,208,'2024-12-31','12','13/14','31/32','31/32','0','0','0',4,25900,17000,0,0,0.8725,'2025-01-05 07:16:19'),(5794,209,'2024-12-31','10','30/31','52/53','57/58','75','6','0',32,29400,23000,0,0,0.861,'2025-01-05 07:16:19'),(5795,210,'2024-12-31','12','25/31','67/68','70/71','0','4','0',52,31800,20000,0,0,0.861,'2025-01-05 07:16:19'),(5796,211,'2024-12-31','10','50/55','98/99','175','35','0','0',121,31800,18000,52,0.1,0.855,'2025-01-05 07:16:19'),(5797,212,'2024-12-28','40','218','145','119','44','9','0',513,0,0,100,0,0.855,'2025-01-05 07:16:19'),(5798,213,'2024-12-30','9','27/30','123','120','12','7','0',127,8400,0,66,0.1,0.855,'2025-01-05 07:16:19'),(5799,214,'2024-12-31','9','34/36','59/60','67/68','0','35','0',32,26100,21000,3,0.1,0.861,'2025-01-05 07:16:19'),(5800,215,'2024-12-28','40','218','175','170','79','2','0',227,0,0,100,0,0.855,'2025-01-05 07:16:19'),(5801,216,'2024-12-31','13','12/27','47/49','62/63','0','8','0',61,28300,23000,35,0.1,0.861,'2025-01-05 07:16:19'),(5802,217,'2024-12-28','11','23/25','69/70','69/70','0','0','0',51,25100,17000,0,0,0.867,'2025-01-05 07:16:19'),(5803,218,'2024-12-28','15','17/18','0','61','0','0','0',88,27500,19000,0,0,0.861,'2025-01-05 07:16:19'),(5804,219,'2024-12-28','13','21/23','55/56','64/65','10','0','0',49,32100,16000,17,0.1,0.858,'2025-01-05 07:16:19'),(5805,220,'2019-12-26','11','24/29','83','79','4','0','8,5/9',32,27700,20000,53.125,0.1,0.8725,'2025-01-05 07:16:19'),(5806,221,'2024-12-29','15','13/14','60/61','0','0','0','0',39,25600,14000,35,0.1,0.861,'2025-01-05 07:16:19'),(5807,222,'2021-09-11','8','30/33','37/39','35/37','0','0','0',21,32953,13000,100,0,0.8725,'2025-01-05 07:16:19'),(5808,223,'2024-12-29','14','15/19','59','67/68','0','0','0',68,25300,14000,0,0,0.8725,'2025-01-05 07:16:19'),(5809,224,'2024-12-28','9','23/31','50/51','57/58','3','0','0',18,26000,16000,3,0,0.8725,'2025-01-05 07:16:19'),(5810,225,'2024-12-28','10','16/21','55/56','118','0','0','0',26,25900,18000,48,0.1,0.8725,'2025-01-05 07:16:19'),(5811,226,'2024-10-14','17','9/10','11/12','38','0','0','0',2,9300,6000,45.5,0.1,0.8725,'2025-01-05 07:16:19'),(5812,227,'2021-06-21','12','14/18','37/39','42/43','0','0','0',7,45200,21000,41,0.1,0.8725,'2025-01-05 07:16:19'),(5813,228,'2024-12-28','40','218','212','170','0','0','0',345,0,0,100,0,0.861,'2025-01-05 07:16:19'),(5814,229,'2024-12-28','10','14/20','16/23','47/50','7','21','0',8,21300,17000,13,0.1,0.8725,'2025-01-05 07:16:19'),(5815,230,'2024-12-30','11','27/37','68/69','79/80','0','0','0',65,29500,24000,25,0.1,0.855,'2025-01-05 07:16:19'),(5816,231,'2024-12-30','12','24/35','63/65','86/87','35','4','0',48,35500,29500,87,0.1,0.861,'2025-01-05 07:16:19'),(5817,232,'2024-12-29','11','25/38','53/54','66/67','0','4','0',55,33300,22000,2,0,0.861,'2025-01-05 07:16:19'),(5818,233,'2021-06-28','9','50/62','92/94','110','0','0','0',104,49700,18000,40,0.1,0.855,'2025-01-05 07:16:19'),(5819,234,'2024-12-30','14','13/14','42/43','38/39','21','0','0',11,27500,22000,6,0,0.8725,'2025-01-05 07:16:19'),(5820,235,'2024-12-29','11','18/35','56/58','68/69','20','7','0',61,28100,21000,35,0.1,0.861,'2025-01-05 07:16:19'),(5821,236,'2024-12-29','13','37/42','95/96','130','30','0','0',193,29300,15500,68,0.3,0.855,'2025-01-05 07:16:19'),(5822,237,'2024-12-31','12','30/31','128','128','0','0','0',201,11400,0,53,0.1,0.855,'2025-01-05 07:16:19'),(5823,238,'2024-12-29','11','19/20','41/42','52','10','0','0',32,20100,11000,0,0,0.855,'2025-01-05 07:16:19'),(5824,239,'2024-12-29','12','28/38','70/71','92/93','31','0','0',95,33800,24000,32,0.1,0.861,'2025-01-05 07:16:19'),(5825,240,'2024-12-29','11','24/43','58/61','79/80','57','0','0',51,39700,31500,50,0.1,0.855,'2025-01-05 07:16:19'),(5826,241,'1899-12-31','0','0','0','0','0','0','0',0,0,0,0,0,0,'2025-01-05 07:16:19'),(5827,242,'1899-12-31','0','0','0','0','0','0','0',0,0,0,0,0,0,'2025-01-05 07:16:19'),(5828,243,'1899-12-31','0','0','0','0','0','0','0',0,0,0,0,0,0,'2025-01-05 07:16:19'),(5829,244,'2024-12-19','11','44/48','110/111','148/149','48','11','128',128,31900,20000,73,0.1,0.855,'2025-01-05 07:16:21'),(5830,245,'2024-12-28','11','35/43','96/100','130/133','6/61/46','11','129',129,31000,14000,53,0.3,0.855,'2025-01-05 07:16:21'),(5831,246,'2024-12-22','14','15/26','44/48','58/59','0','14','57',57,36000,21000,32,0.1,0.861,'2025-01-05 07:16:21'),(5832,247,'2024-12-19','10','31/55','111/113','135','12','0','9',153,30600,4000,20,0.1,0.855,'2025-01-05 07:16:21'),(5833,248,'2024-12-26','10','37/40','87/88','88','54','21','13',108,24900,14500,76,0.4,0.855,'2025-01-05 07:16:21'),(5834,249,'2024-12-19','14','13/48','67/72','85/87','0','15','0',122,59100,20500,0,0.1,0.861,'2025-01-05 07:16:21'),(5835,250,'2024-12-27','10','46/50','89/90','125','15','3','0',109,35700,15000,31,0.1,0.855,'2025-01-05 07:16:21'),(5836,251,'2024-12-22','11','46/48','92','145','12','19','19',155,35600,11000,20,0.1,0.855,'2025-01-05 07:16:21'),(5837,252,'2024-12-27','15','16/20','43/46','51','0','11','0',26,39900,24000,35,0.1,0.873,'2025-01-05 07:16:21'),(5838,253,'2024-12-23','18/22','133','0','50','17','15','0',6,310000,0,83,0.1,0.9,'2025-01-05 07:16:21'),(5839,254,'2024-12-20','16','14/27','91','91','28','3','0',172,37000,20000,65,0.1,0.855,'2025-01-05 07:16:21'),(5840,255,'2024-12-29','17','40','57','64/65','20','16','0',5,180000,0,67,0.1,0.851,'2025-01-05 07:16:21'),(5841,256,'2024-12-23','19','137','0','32','10','5','0',10,335000,0,70,0.1,0.755,'2025-01-05 07:16:21'),(5842,257,'2024-12-19','16','26/33','59','62','40','27','0',127,65200,0,0,0,0.861,'2025-01-05 07:16:21'),(5843,258,'2024-12-27','13','21/24','50/51','60','29','45','3',45,37300,20000,33,0.1,0.861,'2025-01-05 07:16:21'),(5844,259,'2024-12-25','39','210','200','192','157','12','4',541,0,0,100,0,0.855,'2025-01-05 07:16:21'),(5845,260,'2024-12-17','9','46/49','0','108','0','13','0',100,26900,13000,0,0,0.8715,'2025-01-05 07:16:21'),(5846,261,'2024-12-18','9','46/49','0','108','0','13','0',100,51900,24000,0,0,0.855,'2025-01-05 07:16:21'),(5847,262,'2024-12-24','17','11/12','32','37','16','6','14',21,29100,4000,0,0,0.8725,'2025-01-05 07:16:21'),(5848,263,'2024-12-24','15/18/21','94','0','86','17','5','0',96,219000,0,72,0.1,0.733,'2025-01-05 07:16:21'),(5849,264,'2024-12-30','10','22/55','81/88','90','60','57','4',70,35700,18000,5,0.2,0.855,'2025-01-05 07:16:21'),(5850,265,'2024-12-28','15','19/23','78','87/88','14','6','0',104,37100,20000,4,0,0.861,'2025-01-05 07:16:21'),(5851,266,'2024-12-23','18','75','0','96','0','41','0',4,334000,0,0,0.1,0.733,'2025-01-05 07:16:21'),(5852,267,'2024-12-25','14','31/33','94/95','95','0','4','0',201,30100,13500,67.01,0.1,0.855,'2025-01-05 07:16:21'),(5853,268,'2024-12-19','15','28/48','87/88','90','36','16','0',233,55900,14000,48,0.1,0.855,'2025-01-05 07:16:21'),(5854,269,'2024-12-20','14','17/30','76/77','86','28','0','3',96,35800,11000,42.71,0.1,0.861,'2025-01-05 07:16:21'),(5855,270,'2024-12-24','15/19','130/132','135','149','30','1','0',10,300000,0,0,0.1,0.755,'2025-01-05 07:16:21'),(5856,271,'2024-12-29','15','47/48','48','53','30','0','4',2,154000,0,63,0.1,0.851,'2025-01-05 07:16:21'),(5857,272,'2024-12-29','9','33/46','83/84','106','4','9','0',77,27500,15000,23,0.1,0.861,'2025-01-05 07:16:21'),(5858,273,'2024-12-19','11','34/40','87','101','36','33','6',104,31900,13000,39.42,0.1,0.855,'2025-01-05 07:16:21'),(5859,274,'2016-01-31','19/23/26','124','126','126','125','0','105',3,439200,79200,0,0,0.826,'2025-01-05 07:16:21'),(5860,275,'2024-12-19','11','36/37','0','50','40','14','11',20,60000,0,95,0.1,0.733,'2025-01-05 07:16:22'),(5861,276,'2024-12-27','13','21/36','69/74','83/85','14','2','0',89,36000,27000,50,0.1,0.86675,'2025-01-05 07:16:22'),(5862,277,'2024-12-27','16','18/26','36/43','58/60','0','20','0',46,36000,22000,28,0.1,0.8725,'2025-01-05 07:16:22'),(5863,278,'2024-12-27','12','26/40','85/87','105','0','0','0',112,30500,17000,59,0.1,0.861,'2025-01-05 07:16:22'),(5864,279,'2024-02-10','16','20/22','0','80','0','0','0',4,0,0,50,0,0.851,'2025-01-05 07:16:22'),(5865,280,'2024-12-27','8','22/35','0','88/90','0','0','0',34,22000,10000,45,0.1,0.861,'2025-01-05 07:16:22'),(5866,281,'2024-12-12','12.16.21','137','131','136','134','0','0',82,246000,0,80,0.1,0.9,'2025-01-05 07:16:22'),(5867,282,'2024-12-12','17.21','95','0','95','0','0','0',7,350000,0,10,0.1,0.733,'2025-01-05 07:16:22'),(5868,283,'2024-12-12','14.18','120/121','125','127','4','4','0',5,222000,0,85,0.1,0.755,'2025-01-05 07:16:22'),(5869,284,'2024-12-28','14.17.21','99','100','118','0','0','0',10,249000,0,60,0.1,0.9,'2025-01-05 07:16:22'),(5870,285,'2024-12-27','13','20/25','69/72','65/67','0','10','0',24,29000,25000,65,0,0.8725,'2025-01-05 07:16:22'),(5871,286,'2023-04-23','15','16/20','19/21','26/27','0','0','0',14,0,0,14,0,0.8725,'2025-01-05 07:16:22'),(5872,287,'2024-02-10','9','0','0','0','0','0','0',0,0,0,0,0,0.8725,'2025-01-05 07:16:22'),(5873,288,'2024-12-19','0','0','0','0','0','0','0',0,0,0,0,0,0.8725,'2025-01-05 07:16:22'),(5874,289,'2023-12-29','12/14/17','128/130','0','132','0','0','0',85,239000,221000,80.1,0,0.9,'2025-01-05 07:16:22'),(5875,290,'2024-12-27','13','29/47','62/65','92/94','4','0','0',74,57000,17000,35,0,0.861,'2025-01-05 07:16:22'),(5876,291,'2024-12-27','11','18/20','34/35','34/35','0','0','0',10,22000,17000,12,0,0.8725,'2025-01-05 07:16:22'),(5877,292,'2024-12-12','11.15.21','135','0','149','20','0','0',5,207000,0,20,0.1,0.755,'2025-01-05 07:16:22'),(5878,293,'2024-12-27','14','21/22','40/41','41/42','37','0','0',24,28800,0,5,0,0.8725,'2025-01-05 07:16:22'),(5879,294,'2024-12-12','13.16.19','105','0','105','2','0','0',5,262000,0,50,0.1,0.755,'2025-01-05 07:16:22'),(5880,295,'2024-12-27','11','16/26','60/62','63/65','22','0','0',29,20000,4000,3,0,0.8725,'2025-01-05 07:16:22'),(5881,296,'2024-12-12','15.19','108','0','115','0','25','0',36,307000,0,88,0.2,0.733,'2025-01-05 07:16:22'),(5882,297,'2024-12-12','10.13.17','120/122','0','131','0','26','0',7,143000,0,71,0.1,0.755,'2025-01-05 07:16:22'),(5883,298,'2024-12-27','8','44/50','112','171','24','8','0',123,14500,5000,37,0.1,0.873,'2025-01-05 07:16:22'),(5884,299,'2024-12-30','10','28/40','86','100','10','2','1',87,27500,9000,27,0.1,0.861,'2025-01-05 07:16:22'),(5885,300,'2024-12-28','9','45/48','114','114','72','0','0',109,15000,0,64,0.1,0.855,'2025-01-05 07:16:23'),(5886,301,'2024-12-28','13','16/37','30/42','58/64','16','0','0',45,37000,23000,35,0.1,0.861,'2025-01-05 07:16:23'),(5887,302,'2024-12-28','7','63/70','0','105','10','0','0',59,16000,5000,1,0,0.9,'2025-01-05 07:16:23'),(5888,303,'2024-12-28','10','28/45','0','124','0','0','0',115,20000,10000,60,0,0.8725,'2025-01-05 07:16:23'),(5889,304,'2024-12-12','19.22','88','0','96','92','48','2',12,413000,0,5,0,0.733,'2025-01-05 07:16:23'),(5890,305,'2024-12-12','8.13.17','130','0','132','35','9','2',3,120000,0,20,0,0.755,'2025-01-05 07:16:23'),(5891,306,'2024-12-28','12','18/39','78/80','113','24','0','0',94,29300,21000,48,0,0.861,'2025-01-05 07:16:23'),(5892,307,'2024-12-28','15','23/26','46','56','0','4','0',70,34000,17000,0,0,0.861,'2025-01-05 07:16:23'),(5893,308,'2024-12-28','12','23/26','61/62','55','0','2','0',21,33500,27000,12,0.1,0.8725,'2025-01-05 07:16:23'),(5894,309,'2024-12-28','11','26/32','56/60','110','2','1','0',38,34200,22000,56,0,0.86675,'2025-01-05 07:16:23'),(5895,310,'2024-12-28','11','26/36','77/78','76','3','0','0',29,37000,26000,83,0.1,0.8725,'2025-01-05 07:16:23'),(5896,311,'2024-12-28','12','22/35','64','92','0','9','0',30,22700,19000,56,0,0.8725,'2025-01-05 07:16:23'),(5897,352,'2019-12-29','13/18/21','117','116/117','117','0','0','0',25,0,0,80,0.1,0.733,'2025-01-05 07:16:23'),(5898,353,'1899-12-31','0','0','0','0','0','0','0',0,0,0,0,0,0,'2025-01-05 07:16:23'),(5899,354,'1899-12-31','0','0','0','0','0','0','0',0,0,0,0,0,0,'2025-01-05 07:16:23'),(5900,355,'1899-12-31','0','0','0','0','0','0','0',0,0,0,0,0,0,'2025-01-05 07:16:23'),(5901,356,'1899-12-31','0','0','0','0','0','0','0',0,0,0,0,0,0,'2025-01-05 07:16:23'),(5902,357,'1899-12-31','0','0','0','0','0','0','0',0,0,0,0,0,0,'2025-01-05 07:16:23'),(5903,358,'1899-12-31','0','0','0','0','0','0','0',0,0,0,0,0,0,'2025-01-05 07:16:23'),(5904,359,'1899-12-31','0','0','0','0','0','0','0',0,0,0,0,0,0,'2025-01-05 07:16:23'),(5905,360,'1899-12-31','0','0','0','0','0','0','0',0,0,0,0,0,0,'2025-01-05 07:16:23'),(5906,312,'2024-12-31','40','205','0','0','0','0','0',310,0,0,100,0,0.855,'2025-01-05 07:16:24'),(5907,313,'2024-12-13','11','28/44','64/73','98/99','0','0','0',8,60000,44000,33,0,0.861,'2025-01-05 07:16:24'),(5908,314,'2024-12-31','40','206','185','145','0','0','0',354,0,0,100,0,0.861,'2025-01-05 07:16:24'),(5909,315,'2024-08-05','11','17/18','22','30','0','0','0',3,18500,12500,20,0,0.8725,'2025-01-05 07:16:24'),(5910,316,'2024-12-29','11.0','39/42','95/96','156','4','0','0',121,29000,20000,73.4,0,0.855,'2025-01-05 07:16:24'),(5911,317,'2024-12-29','13','19/23','57','58','8','0','0',20,28800,20000,4.1,0,0.858,'2025-01-05 07:16:24'),(5912,318,'2024-12-29','10.0','34','36','40','7','0','0',2,90000,0,43.8,0,0.851,'2025-01-05 07:16:24'),(5913,319,'2024-12-29','15.0','20/21','54','62','7','0','0',41,27900,23000,8.1,0.2,0.861,'2025-01-05 07:16:24'),(5914,320,'2024-12-29','10','32/38','47/50','94','6','0','0',39,28000,22000,36.4,0.1,0.861,'2025-01-05 07:16:24'),(5915,321,'2024-12-29','13.0','17/18','40','44','0','0','0',18,36100,20000,8.4,0,0.8725,'2025-01-05 07:16:24'),(5916,322,'2024-12-29','12','20/24','44','50','0','0','0',19,33300,22000,4.3,0,0.8725,'2025-01-05 07:16:24'),(5917,323,'2024-12-31','5','212','0','0','0','0','0',233,0,0,100,0,0.8725,'2025-01-05 07:16:24'),(5918,324,'2024-12-29','16.0','17/18','38/42','46','3','0','0',10,25300,10000,8.3,0,0.8725,'2025-01-05 07:16:24'),(5919,325,'2024-12-29','17.0','19/21','30/34','56','5','0','0',17,38400,30500,48.1,0.1,0.8725,'2025-01-05 07:16:24'),(5920,326,'2024-12-29','12','22/23','47','51','0','0','0',15,36900,17000,0,0,0.8725,'2025-01-05 07:16:24'),(5921,327,'2024-12-29','12','20/30','62/65','80','0','0','0',66,26000,20000,24.9,0.1,0.861,'2025-01-05 07:16:24'),(5922,328,'2024-12-29','11.0','20/21','42','52','0','0','0',8,31500,22000,1.5,0,0.8725,'2025-01-05 07:16:24'),(5923,329,'2022-05-13','16','18/19','24','28','0','0','0',9,29500,27000,9.3,0,0.861,'2025-01-05 07:16:24'),(5924,330,'2024-12-29','16.0','19/20','54','62','0','0','0',52,30000,21500,1.59,0,0.861,'2025-01-05 07:16:24'),(5925,331,'2024-12-29','18.0','18/19','35','56','12','0','0',49,30400,23000,0,0,0.861,'2025-01-05 07:16:24'),(5926,332,'2024-12-29','16.0','18/26','46','54','0','0','0',42,42900,24000,1.9,0.1,0.8725,'2025-01-05 07:16:24'),(5927,347,'1899-12-31','0','0','0','0','0','0','0',0,0,0,0,0,0,'2025-01-05 07:16:24'),(5928,348,'1899-12-31','0','0','0','0','0','0','0',0,0,0,0,0,0,'2025-01-05 07:16:24'),(5929,349,'1899-12-31','0','0','0','0','0','0','0',0,0,0,0,0,0,'2025-01-05 07:16:24'),(5930,350,'1899-12-31','0','0','0','0','0','0','0',0,0,0,0,0,0,'2025-01-05 07:16:24'),(5931,351,'1899-12-31','0','0','0','0','0','0','0',0,0,0,0,0,0,'2025-01-05 07:16:24'),(5932,333,'2024-12-27','12','44/45','87/88','112','21','0','0',203,23700,19000,80,0.1,0.9,'2025-01-05 07:16:25'),(5933,334,'2024-12-26','13','25/30','42/43','49/50','5','5','0',45,39000,10000,2,0.1,0.8725,'2025-01-05 07:16:25'),(5934,335,'2024-08-22','0','76/78','0','112','0','0','0',300,0,0,100,0,0.9,'2025-01-05 07:16:25'),(5935,336,'2024-12-28','18','30/31','100','100','48','0','0',309,29500,17000,78,0.1,0.855,'2025-01-05 07:16:25'),(5936,337,'2024-12-27','16','22/30','71','71','18','0','0',201,38500,32000,70,0.1,0.861,'2025-01-05 07:16:25'),(5937,339,'2024-12-25','11','24/32','0','69/70','0','0','0',52,26000,20000,10,0.1,0.861,'2025-01-05 07:16:25'),(5938,340,'2024-12-25','18','61/62','73','78','18','0','0',10,192000,0,10,0.1,0.851,'2025-01-05 07:16:25'),(5939,341,'2024-12-31','12','34/35','87','157','0','0','0',249,14000,0,44,0.1,0.9,'2025-01-05 07:16:25'),(5940,342,'2024-12-28','14','18/24','39/41','54/55','0','0','0',130,30300,16000,20,0.1,0.861,'2025-01-05 07:16:25'),(5941,343,'2024-12-28','15','19/22','39/42','54/55','0','0','0',43,23500,19000,2,0.1,0.8725,'2025-01-05 07:16:25'),(5942,344,'2024-12-25','12','24/30','38/40','71','0','0','0',43,26000,22000,16,0.1,0.8725,'2025-01-05 07:16:25'),(5943,345,'1899-12-31','0','0','0','0','0','0','0',0,0,0,0,0,0,'2025-01-05 07:16:25'),(5944,346,'2022-09-16','14','61/62','0','58','0','0','0',311,0,0,99.2,0,0.8725,'2025-01-05 07:16:25'),(5945,1,'2024-12-28','14,0','18/22','75','80','0','0','0',58,38000,24000,26,0.1,0.861,'2025-01-05 07:16:26'),(5946,2,'2024-12-28','18,0','11/19','55','81','0','0','0',32,35600,28000,64,0.1,0.861,'2025-01-05 07:16:26'),(5947,3,'2024-12-28','12,0','14/17','42/43','38','0','10','0',9,29100,15000,0,0,0.873,'2025-01-05 07:16:27'),(5948,4,'2024-12-28','11,0','17/38','70/72','93/94','15','0','0',77,36000,20000,35,0.1,0.861,'2025-01-05 07:16:27'),(5949,5,'2024-12-28','10,0','13/14','24/25','29','0','0','0',3,19900,9000,0,0,0.873,'2025-01-05 07:16:27'),(5950,6,'2024-12-28','15,0','12/24','50/51','64/65','0','0','0',60,36300,23000,30,0,0.861,'2025-01-05 07:16:27'),(5951,7,'2024-12-28','13,0','12/13','33/34','35/36','0','0','0',6,29100,15000,10,0.1,0.873,'2025-01-05 07:16:27'),(5952,8,'2024-12-28','13,0','15/18','48/50','44/45','0','0','0',11,29800,19000,13,0,0.873,'2025-01-05 07:16:27'),(5953,9,'1899-12-31','0','0','0','0','0','0','0',0,0,0,0,0,0,'2025-01-05 07:16:27'),(5954,10,'1899-12-31','0','0','0','0','0','0','0',0,0,0,0,0,0,'2025-01-05 07:16:27'),(5955,11,'1899-12-31','0','0','0','0','0','0','0',0,0,0,0,0,0,'2025-01-05 07:16:27'),(5956,12,'1899-12-31','0','0','0','0','0','0','0',0,0,0,0,0,0,'2025-01-05 07:16:27'),(5957,13,'1899-12-31','0','0','0','0','0','0','0',0,0,0,0,0,0,'2025-01-05 07:16:27'),(5958,14,'2024-12-24','10','16/20','36/38','47/48','0','0','0',24,16500,10000,1,0,0.873,'2025-01-05 07:16:28'),(5959,15,'2022-03-03','12','15/18','20/22','29/30','0','0','0',5,46700,22000,32,0,0.873,'2025-01-05 07:16:28'),(5960,16,'2024-12-24','12','24/29','48/49','82/83','3','0','0',66,28100,23000,38,0.1,0.861,'2025-01-05 07:16:28'),(5961,17,'2024-12-24','16/19','75/76','77','78','82','78','0',145,165000,0,99.8,0.1,0.733,'2025-01-05 07:16:28'),(5962,18,'2023-10-19','14/18','66/65','66/67','66/67','0','0','0',101,110500,0,98,0,0.733,'2025-01-05 07:16:28'),(5963,19,'2024-12-24','16/19','75/85','0','70/40','50','4','0',52,232000,0,74,0.2,0.733,'2025-01-05 07:16:28'),(5964,20,'2024-12-24','14','23/26','29/32','60/61','0','0','0',73,32700,24000,26,0.1,0.861,'2025-01-05 07:16:28'),(5965,21,'2024-12-24','17/20','84/86','0','88/89','0','0','0',8,349000,0,58,0.1,0.733,'2025-01-05 07:16:28'),(5966,22,'2023-06-17','11/14','50/49','0','50','0','0','0',30,5,0,93.2,0,0.733,'2025-01-05 07:16:28'),(5967,23,'2024-03-03','12','22/26','66/67','67/68','0','0','0',12,31800,4800,0,0,0.873,'2025-01-05 07:16:28'),(5968,24,'2024-12-24','14','13/14','35/36','40/41','41','12','0',19,18600,10000,0.3,0.1,0.873,'2025-01-05 07:16:28'),(5969,25,'2024-12-24','8','29/31','42/43','54/55','5','0','0',8,21600,20000,76.2,0.1,0.873,'2025-01-05 07:16:28'),(5970,26,'2024-12-24','11','12/15','18/19','37/38','0','0','0',2,19500,18000,59,0.1,0.873,'2025-01-05 07:16:28'),(5971,27,'2024-12-26','11','17/25','57/59','65/66','0','0','0',17,26400,24000,50,0.1,0.873,'2025-01-05 07:16:28'),(5972,28,'2024-12-24','8','23/26','44/46','46/48','0','0','0',2,18600,16000,0.4,0,0.873,'2025-01-05 07:16:28'),(5973,361,'1899-12-31','0','0','0','0','0','0','0',0,0,0,0,0,0,'2025-01-05 07:16:28'),(5974,362,'1899-12-31','0','0','0','0','0','0','0',0,0,0,0,0,0,'2025-01-05 07:16:28'),(5975,363,'1899-12-31','0','0','0','0','0','0','0',0,0,0,0,0,0,'2025-01-05 07:16:28'),(5976,364,'1899-12-31','0','0','0','0','0','0','0',0,0,0,0,0,0,'2025-01-05 07:16:28'),(5977,365,'1899-12-31','0','0','0','0','0','0','0',0,0,0,0,0,0,'2025-01-05 07:16:28'),(5978,366,'1899-12-31','0','0','0','0','0','0','0',0,0,0,0,0,0,'2025-01-05 07:16:28'),(5979,367,'1899-12-31','0','0','0','0','0','0','0',0,0,0,0,0,0,'2025-01-05 07:16:28'),(5980,368,'1899-12-31','0','0','0','0','0','0','0',0,0,0,0,0,0,'2025-01-05 07:16:28'),(5981,369,'1899-12-31','0','0','0','0','0','0','0',0,0,0,0,0,0,'2025-01-05 07:16:28'),(5982,29,'2024-12-28','19','8/9','14/15','14/15','0','0','0',1,32000,0,0,0,0.851,'2025-01-05 07:16:29'),(5983,30,'2024-12-28','16','10/31','73/78','118/119','0','0','0',109,39300,22000,54,0,0.861,'2025-01-05 07:16:29'),(5984,31,'2024-12-28','13','15/17','90/91','91/92','0','0','0',129,14500,6500,86,0,0.855,'2025-01-05 07:16:29'),(5985,32,'2020-11-15','7','48/62','66/70','80/83','0','0','0',65,23964,12500,40,0,0.855,'2025-01-05 07:16:29'),(5986,33,'2024-12-28','13','13/20','57/58','72/73','0','0','0',59,22900,15000,0,0,0.861,'2025-01-05 07:16:29'),(5987,34,'2024-12-28','14','15/17','46/47','52/53','0','0','0',32,27200,22000,0,0,0.861,'2025-01-05 07:16:29'),(5988,35,'2024-12-28','14','15/25','0','67/68','0','0','0',99,34500,23500,10,0,0.861,'2025-01-05 07:16:29'),(5989,36,'2024-12-28','14','18/21','61/62','73/74','0','0','0',73,31600,21000,1,0,0.873,'2025-01-05 07:16:29'),(5990,37,'2024-12-28','10','23/25','62/63','62/63','0','0','0',26,24700,16000,20,0,0.861,'2025-01-05 07:16:29'),(5991,38,'2024-12-28','12','15/23','57/59','97/98','0','0','0',50,23800,21000,90,0,0.873,'2025-01-05 07:16:29'),(5992,39,'1899-12-31','0','0','0','0','0','0','0',0,0,0,0,0,0,'2025-01-05 07:16:29'),(5993,40,'1899-12-31','0','0','0','0','0','0','0',0,0,0,0,0,0,'2025-01-05 07:16:29'),(5994,41,'1899-12-31','0','0','0','0','0','0','0',0,0,0,0,0,0,'2025-01-05 07:16:29'),(5995,42,'1899-12-31','0','0','0','0','0','0','0',0,0,0,0,0,0,'2025-01-05 07:16:29'),(5996,43,'1899-12-31','0','0','0','0','0','0','0',0,0,0,0,0,0,'2025-01-05 07:16:29'),(5997,44,'1899-12-31','0','0','0','0','0','0','0',0,0,0,0,0,0,'2025-01-05 07:16:29'),(5998,45,'1899-12-31','0','0','0','0','0','0','0',0,0,0,0,0,0,'2025-01-05 07:16:29'),(5999,46,'1899-12-31','0','0','0','0','0','0','0',0,0,0,0,0,0,'2025-01-05 07:16:29'),(6000,47,'1899-12-31','0','0','0','0','0','0','0',0,0,0,0,0,0,'2025-01-05 07:16:29'),(6001,48,'1899-12-31','0','0','0','0','0','0','0',0,0,0,0,0,0,'2025-01-05 07:16:29'),(6002,49,'2024-12-25','15','15/16','61','69/70','0','0','0',21,26400,23000,75,0.3,0.861,'2025-01-05 07:16:30'),(6003,50,'2024-12-31','26','215','181','134','4','0','0',995,0,0,100,0,0.855,'2025-01-05 07:16:30'),(6004,51,'2024-12-31','40','216','0','0','0','0','0',54,0,0,100,0,0.861,'2025-01-05 07:16:30'),(6005,52,'2024-12-25','10','18','31','36','0','0','0',9,18800,16000,2.2,0,0.873,'2025-01-05 07:16:30'),(6006,53,'2024-12-31','14','22/25','72','82','0','0','0',75,30200,26000,89.5,0.3,0.858,'2025-01-05 07:16:30'),(6007,54,'2024-12-31','40','216','211','208','0','0','0',151,0,0,100,0,0.873,'2025-01-05 07:16:30'),(6008,55,'2024-12-25','15','17','44','46','0','0','0',22,33200,20000,0,0,0.873,'2025-01-05 07:16:30'),(6009,56,'2024-12-25','13','18','34','39/42','0','0','0',14,30800,20000,0,0,0.873,'2025-01-05 07:16:30'),(6010,57,'2024-12-25','16','14/15','51','40/41','0','0','0',14,27400,18000,0,0,0.873,'2025-01-05 07:16:30'),(6011,58,'2024-12-26','13','16','38','41','0','0','0',13,27000,22000,0,0,0.873,'2025-01-05 07:16:30'),(6012,59,'2024-02-07','7','38','24/25','33','0','0','0',2,16000,14000,50,0,0.873,'2025-01-05 07:16:30'),(6013,60,'2024-07-21','8','26/28','26/30','40/41','0','0','0',2,23000,22000,50,0,0.873,'2025-01-05 07:16:30'),(6014,61,'2024-12-25','16','13/16','40/45','44/48','0','0','0',24,27200,21000,0,0,0.873,'2025-01-05 07:16:30'),(6015,62,'2024-12-27','15','19/21','41/43','59/60','0','0','0',30,40500,37000,42.4,0,0.858,'2025-01-05 07:16:31'),(6016,63,'2024-12-25','13','22/23','44','55','0','0','0',42,21500,17000,0,0,0.855,'2025-01-05 07:16:31'),(6017,64,'2024-12-26','10','22/46','64/65','76','8','0','0',67,31500,24000,71,0.1,0.855,'2025-01-05 07:16:31'),(6018,65,'2024-12-28','13','17/18','36/37','49/50','0','0','0',31,22300,19000,0,0,0.855,'2025-01-05 07:16:31'),(6019,66,'2024-12-27','11','25/40','71/73','151','0','0','0',102,21900,13000,40.2,0.1,0.855,'2025-01-05 07:16:31'),(6020,67,'2024-12-26','10','45/46','88/89','87','0','0','0',89,26200,21000,70,0,0.855,'2025-01-05 07:16:31'),(6021,68,'2024-12-27','10','19/33','54/56','68/69','11','0','0',42,29200,25000,50,0.1,0.855,'2025-01-05 07:16:31'),(6022,69,'2024-12-27','9','26/30','113','164','22','0','0',100,4700,0,52,0.1,0.855,'2025-01-05 07:16:31'),(6023,70,'2024-12-26','7','30/46','65/69','71','2','0','0',30,17600,14000,40,0.1,0.855,'2025-01-05 07:16:31'),(6024,71,'2024-12-29','16','14/27','61','64','0','0','0',61,30700,25000,65.2,0.1,0.861,'2025-01-05 07:16:31'),(6025,72,'2024-12-29','11','17/30','51/56','60','0','0','0',32,28400,27000,46,0.1,0.861,'2025-01-05 07:16:31'),(6026,73,'1899-12-31','0','0','0','0','0','0','0',0,0,0,0,0,0,'2025-01-05 07:16:31'),(6027,74,'1899-12-31','0','0','0','0','0','0','0',0,0,0,0,0,0,'2025-01-05 07:16:31'),(6028,75,'1899-12-31','0','0','0','0','0','0','0',0,0,0,0,0,0,'2025-01-05 07:16:31'),(6029,76,'1899-12-31','0','0','0','0','0','0','0',0,0,0,0,0,0,'2025-01-05 07:16:31'),(6030,77,'1899-12-31','0','0','0','0','0','0','0',0,0,0,0,0,0,'2025-01-05 07:16:31'),(6031,78,'1899-12-31','0','0','0','0','0','0','0',0,0,0,0,0,0,'2025-01-05 07:16:31'),(6032,79,'1899-12-31','0','0','0','0','0','0','0',0,0,0,0,0,0,'2025-01-05 07:16:31'),(6033,80,'1899-12-31','0','0','0','0','0','0','0',0,0,0,0,0,0,'2025-01-05 07:16:31'),(6034,81,'2024-12-28','14','10/16','42/44','43/45','0','0','0',21,21982,19000,18,0.1,0.861,'2025-01-05 07:16:32'),(6035,82,'2024-12-28','10','21/35','66/70','76/77','0','0','0',45,26628,18000,65,0.1,0.861,'2025-01-05 07:16:32'),(6036,83,'2024-10-03','14','12/19','36/37','58/59','6','0','7/8',46,37331,24000,70.4,0,0.873,'2025-01-05 07:16:32'),(6037,84,'2024-12-28','16','23','74','116','125','0','0',145,29627,17800,88,0.1,0.861,'2025-01-05 07:16:32'),(6038,85,'2024-12-28','9','13/14','30/31','35/36','0','0','0',6,16334,8000,0,0,0.873,'2025-01-05 07:16:32'),(6039,86,'2024-12-28','7','19/20','37/38','43/44','0','0','0',6,18986,12000,11,0,0.873,'2025-01-05 07:16:32'),(6040,87,'2024-08-03','10','15/17','36/37','41/42','0','0','7/8',13,18261,12000,6.5,0.1,0.873,'2025-01-05 07:16:32'),(6041,88,'2024-12-28','8','20/25','38/40','47/49','0','0','0',8,18000,10000,15,0.1,0.873,'2025-01-05 07:16:32'),(6042,89,'2024-12-28','7','19/24','43/44','62/63','0','0','0',6,17866,11000,15,0.1,0.873,'2025-01-05 07:16:32'),(6043,90,'2024-12-28','7','24/26','39/41','41/42','10','0','0',7,20068,15700,85,0.1,0.873,'2025-01-05 07:16:32'),(6044,91,'1899-12-31','0','0','0','0','0','0','0',0,0,0,0,0,0,'2025-01-05 07:16:32'),(6045,92,'1899-12-31','0','0','0','0','0','0','0',0,0,0,0,0,0,'2025-01-05 07:16:32'),(6046,93,'1899-12-31','0','0','0','0','0','0','0',0,0,0,0,0,0,'2025-01-05 07:16:32'),(6047,94,'1899-12-31','0','0','0','0','0','0','0',0,0,0,0,0,0,'2025-01-05 07:16:32'),(6048,95,'1899-12-31','0','0','0','0','0','0','0',0,0,0,0,0,0,'2025-01-05 07:16:32'),(6049,96,'1899-12-31','0','0','0','0','0','0','0',0,0,0,0,0,0,'2025-01-05 07:16:32'),(6050,97,'1899-12-31','0','0','0','0','0','0','0',0,0,0,0,0,0,'2025-01-05 07:16:32'),(6051,98,'1899-12-31','0','0','0','0','0','0','0',0,0,0,0,0,0,'2025-01-05 07:16:32'),(6052,99,'1899-12-31','0','0','0','0','0','0','0',0,0,0,0,0,0,'2025-01-05 07:16:32'),(6053,100,'1899-12-31','0','0','0','0','0','0','0',0,0,0,0,0,0,'2025-01-05 07:16:32'),(6054,101,'1899-12-31','0','0','0','0','0','0','0',0,0,0,0,0,0,'2025-01-05 07:16:32'),(6055,102,'2024-12-31','15','36','0','86/87','6','13','0',6,106000,0,17,0,0.851,'2025-01-05 07:16:33'),(6056,103,'2024-12-27','8','40','0','134','6','13','0',108,8100,0,0,0,0.9,'2025-01-05 07:16:33'),(6057,104,'2024-12-27','12','42','96','166','0','84','78/2',188,29700,17000,73,0.1,0.855,'2025-01-05 07:16:33'),(6058,105,'2024-12-31','8','50/54','96/98','129','18','2','0',74,22000,16000,42,0.1,0.855,'2025-01-05 07:16:33'),(6059,106,'2024-12-27','12','63','108','111','38','43','0',167,42700,20000,48,0.1,0.855,'2025-01-05 07:16:33'),(6060,107,'2024-12-27','13','42/46','82','95','27','8','0',109,57100,23000,60,0.1,0.861,'2025-01-05 07:16:33'),(6061,108,'2024-12-27','11','46/56','99/100','171','0','25','25',169,32200,16000,40,0.1,0.855,'2025-01-05 07:16:33'),(6062,109,'2024-12-27','3/8313','146','0','107','20','0','9',1,94000,0,0,0,0.755,'2025-01-05 07:16:33'),(6063,110,'2024-12-27','10','69/73','106/107','114','0','14','13',134,53000,3000,35,0.1,0.9,'2025-01-05 07:16:33'),(6064,111,'2024-12-27','7','65/80','111','130','5','40','2',63,30800,15000,34,0.1,0.855,'2025-01-05 07:16:33'),(6065,112,'2024-12-08','10','68/69','103/104','128/129','0','0','0',148,46700,46700,0,0,0.873,'2025-01-05 07:16:33'),(6066,113,'2024-12-27','10,5','66/67','101','117','0','28','24',156,43300,0,0,0,0.9,'2025-01-05 07:16:33'),(6067,114,'2024-12-27','10','65/67','119/120','163','30','20','24',177,32000,15000,42,0.2,0.9,'2025-01-05 07:16:33'),(6068,115,'2024-12-27','10/19','69','76','97','0','24','4',10,101000,0,0,0,0.873,'2025-01-05 07:16:33'),(6069,116,'2024-12-27','14','20/40','80/82','90','5','25','18',129,36000,27000,48,0.1,0.861,'2025-01-05 07:16:33'),(6070,117,'2024-12-27','12','35/40','56/57','126','14','14','25',228,22700,2000,60,0.1,0.881,'2025-01-05 07:16:33'),(6071,118,'2024-12-27','12','34/48','69/70','79/80','14','13','2',110,40900,30000,75,0.1,0.861,'2025-01-05 07:16:33'),(6072,119,'2024-12-28','12','46/52','70/71','78/79','52','0','0',87,50200,33000,43,0.1,0.861,'2025-01-05 07:16:33'),(6073,120,'2024-12-31','12/15','145/146','158','160','40','15','16',8,305000,0,0,0,0.76,'2025-01-05 07:16:33'),(6074,121,'2024-12-11','8','45/54','0','138/139','0','0','0',101,14500,6000,39.6,0,0.861,'2025-01-05 07:16:33'),(6075,122,'2024-12-27','8','42/57','0','138','66','13','23',105,16200,6000,40,0.2,0.9,'2025-01-05 07:16:33'),(6076,123,'2024-12-11','12','57/59','82/83','83/84','0','0','0',19,0,0,10.3,0,0.873,'2025-01-05 07:16:33'),(6077,124,'2024-12-27','12','57/60','83','84','25','37','34',15,114800,0,10,0.1,0.873,'2025-01-05 07:16:33'),(6078,125,'2024-12-28','13','32/37','67/69','86/87','47','28','11',83,44000,34000,40,0.1,0.861,'2025-01-05 07:16:33'),(6079,126,'2024-12-27','8','64/67','0','125','0','17','14',83,27700,15000,1,0,0.855,'2025-01-05 07:16:33'),(6080,127,'2024-12-27','9','43/44','0','79','0','17','14',31,31500,18000,0,0,0.861,'2025-01-05 07:16:33'),(6081,128,'2024-12-27','11','80/82','114/115','137','20','0','3',159,68600,0,0,0,0.9,'2025-01-05 07:16:33'),(6082,129,'2024-12-28','8','66/82','100/104','132/133','0','15','15',63,33000,18000,20,0.3,0.861,'2025-01-05 07:16:33'),(6083,130,'2024-12-31','9','53/64','105/107','170','64','16','17',105,32000,15000,60,0.1,0.855,'2025-01-05 07:16:33'),(6084,131,'2024-12-27','7','51','0','132','0','15','34/30',60,15000,8000,53,0.1,0.855,'2025-01-05 07:16:33'),(6085,132,'2024-12-27','7','45','0','143','0','15','34/30',81,9200,0,0,0,0.9,'2025-01-05 07:16:33'),(6086,133,'2024-06-26','16','15/18','0','125','15','2','0',102,0,0,57.8,0,0.855,'2025-01-05 07:16:35'),(6087,134,'2024-05-29','14','29','0','89','5','0','20',6,0,0,83.3,0,0.855,'2025-01-05 07:16:35'),(6088,135,'2024-12-31','14','28/31','93/94','137','6','0','2',212,34400,20000,65.09,0.1,0.855,'2025-01-05 07:16:35'),(6089,136,'2024-12-26','7','39/45','84/85','82/83','6','0','14',68,16500,9000,57.35,0.1,0.855,'2025-01-05 07:16:35'),(6090,137,'2024-12-25','12','26/27','36','49/50','17','0','0',35,35100,28000,2.857,0,0.855,'2025-01-05 07:16:35'),(6091,138,'2024-12-30','17','24/25','37/38','49/50','38','14','0',48,50000,0,2,0,0.873,'2025-01-05 07:16:35'),(6092,139,'2023-06-18','11/17/20','40/45','0','102/103','92','20','0',50,0,0,98,0,0.733,'2025-01-05 07:16:35'),(6093,140,'2024-12-30','16','32/34','97/98','104','32','7','0',276,31000,15000,68.11,0,0.855,'2025-01-05 07:16:35'),(6094,141,'2024-12-17','11','40/56','80/83','91/93','53','2','0',128,40300,25000,38.2,0.2,0.9,'2025-01-05 07:16:35'),(6095,142,'2024-12-17','10/15','148/150','149/150','100/70','15','0','0',12,150000,0,8,0,0.76,'2025-01-05 07:16:35'),(6096,143,'2024-12-27','14','32/33','81/82','96','100','0','0',216,28900,18000,80.09,0.1,0.855,'2025-01-05 07:16:35'),(6097,144,'2024-12-31','15','30/57','93','104/105','0','7','0',235,59800,40000,34.89,0.1,0.855,'2025-01-05 07:16:35'),(6098,145,'2024-12-29','14','43/44','55/56','55/56','0','10','0',13,105000,0,8,0,0.873,'2025-01-05 07:16:35'),(6099,147,'2024-12-13','17','40/45','0','40/43','8','21','0',175,80700,0,0,0,0.861,'2025-01-05 07:16:35'),(6100,149,'2024-12-29','16','23/24','56/57','130/80','129','4','0',148,29800,26000,74.3243,0.1,0.855,'2025-01-05 07:16:35'),(6101,150,'2024-12-27','17','23/34','68/69','78/79','29','3','0',234,52300,27000,21.79,0.1,0.855,'2025-01-05 07:16:35'),(6102,151,'2018-09-06','13','35/45','83/85','123','0','0','0',131,37910,12369,59.5,0,0.855,'2025-01-05 07:16:35'),(6103,152,'2024-12-26','11','45/55','89/92','87/92','3','19','0',137,45900,19000,43.795,0.1,0.855,'2025-01-05 07:16:35'),(6104,153,'2024-12-27','17','22/24','45/46','63','55','6','0',70,51700,0,0,0,0.873,'2025-01-05 07:16:35'),(6105,154,'2024-12-27','17','24/26','80/81','84','85','11','0',227,33500,22000,74,0,0.855,'2025-01-05 07:16:35'),(6106,155,'2024-12-30','17','18/20','43/44','48','16','8','0',23,33500,26000,4.2,0,0.873,'2025-01-05 07:16:35'),(6107,156,'2024-04-12','15','17/27','0','78/79','0','9','0',45,0,0,20,0,0.861,'2025-01-05 07:16:35'),(6108,157,'2024-07-04','10','7','0','25','0','10','0',20,0,0,15,0,0.9,'2025-01-05 07:16:35'),(6109,158,'2024-12-31','11','60/61','115/116','153','18','31','0',225,26800,0,27.1,0.2,0.9,'2025-01-05 07:16:35'),(6110,159,'2024-12-27','17','21/23','0','58','0','0','0',68,31000,17000,0,0,0.861,'2025-01-05 07:16:35'),(6111,160,'2024-12-30','11','58/60','93/95','95/96','0','0','0',141,42300,22000,85.1,0.1,0.9,'2025-01-05 07:16:35'),(6112,161,'1899-12-31','0','0','0','0','0','0','0',0,0,0,0,0,0,'2025-01-05 07:16:35'),(6113,162,'1899-12-31','0','0','0','0','0','0','0',0,0,0,0,0,0,'2025-01-05 07:16:35'),(6114,163,'2024-01-02','8','27/28','35','65/68','0','0','0',11,25200,20000,68.5,0,0.8725,'2025-01-05 07:16:36'),(6115,164,'2024-12-31','13','21','23','36','0','0','0',1,22,0,0,0,0.851,'2025-01-05 07:16:36'),(6116,165,'2024-12-31','8','22','22','40','0','0','0',2,11,10,50,0,0.8725,'2025-01-05 07:16:36'),(6117,166,'2024-12-31','8','26','40','50','0','0','0',7,19,14,13,0,0.8725,'2025-01-05 07:16:36'),(6118,167,'2024-12-31','11','23','44','72','0','0','20',8,22,18,30,0.1,0.8725,'2025-01-05 07:16:36'),(6119,168,'1899-12-31','0','0','0','0','0','0','0',0,0,0,0,0,0.851,'2025-01-05 07:16:36'),(6120,169,'1899-12-31','0','0','0','0','0','0','0',0,0,0,0,0,0.851,'2025-01-05 07:16:36'),(6121,170,'1899-12-31','0','0','0','0','0','0','0',0,0,0,0,0,0.851,'2025-01-05 07:16:36'),(6122,171,'1899-12-31','0','0','0','0','0','0','0',0,0,0,0,0,0.851,'2025-01-05 07:16:36'),(6123,172,'1899-12-31','0','0','0','0','0','0','0',0,0,0,0,0,0.851,'2025-01-05 07:16:36'),(6124,173,'1899-12-31','0','0','0','0','0','0','0',0,0,0,0,0,0.851,'2025-01-05 07:16:36'),(6125,174,'1899-12-31','0','0','0','0','0','0','0',0,0,0,0,0,0.851,'2025-01-05 07:16:36');
/*!40000 ALTER TABLE `well_tests` ENABLE KEYS */;
UNLOCK TABLES;

--
-- Table structure for table `wells`
--

DROP TABLE IF EXISTS `wells`;
/*!40101 SET @saved_cs_client     = @@character_set_client */;
/*!50503 SET character_set_client = utf8mb4 */;
CREATE TABLE `wells` (
  `id` int NOT NULL AUTO_INCREMENT,
  `name` varchar(255) NOT NULL,
  `platform_id` int NOT NULL,
  PRIMARY KEY (`id`),
  UNIQUE KEY `unique_well` (`name`,`platform_id`),
  KEY `platform_id` (`platform_id`),
  CONSTRAINT `wells_ibfk_1` FOREIGN KEY (`platform_id`) REFERENCES `platforms` (`id`)
) ENGINE=InnoDB AUTO_INCREMENT=370 DEFAULT CHARSET=utf8mb4 COLLATE=utf8mb4_0900_ai_ci;
/*!40101 SET character_set_client = @saved_cs_client */;

--
-- Dumping data for table `wells`
--

LOCK TABLES `wells` WRITE;
/*!40000 ALTER TABLE `wells` DISABLE KEYS */;
INSERT INTO `wells` VALUES (53,'100',4),(41,'101',3),(2,'102',1),(12,'103',1),(3,'104',1),(4,'105',1),(5,'106',1),(6,'107',1),(7,'108',1),(8,'109',1),(13,'110',1),(16,'111',2),(17,'112',2),(18,'113',2),(363,'114',2),(19,'115',2),(364,'116',2),(20,'117',2),(21,'118',2),(22,'119',2),(9,'12',1),(23,'120',2),(365,'121',2),(24,'122',2),(366,'123',2),(25,'124',2),(26,'125',2),(27,'126',2),(367,'127',2),(368,'128',2),(369,'129',2),(168,'13',8),(42,'130',3),(33,'131',3),(161,'132',7),(136,'132a',7),(43,'133',3),(34,'134',3),(35,'135',3),(36,'136',3),(44,'137',3),(45,'138',3),(46,'139',3),(47,'140',3),(137,'141',7),(138,'142',7),(195,'143',9),(93,'144',5),(85,'145',5),(86,'147',5),(87,'148',5),(94,'149',5),(10,'15',1),(95,'150',5),(96,'151',5),(88,'152',5),(89,'153',5),(97,'154',5),(98,'155',5),(99,'156',5),(100,'157',5),(101,'159',5),(178,'160',9),(165,'161',8),(139,'162',7),(170,'163',8),(140,'164',7),(141,'165',7),(218,'166',10),(196,'167',9),(219,'168',10),(241,'169',10),(11,'17',1),(220,'170',10),(221,'171',10),(222,'172',10),(223,'173',10),(224,'174',10),(225,'175',10),(226,'176',10),(227,'177',10),(228,'178',10),(229,'179',10),(73,'18',4),(179,'180',9),(180,'181',9),(181,'182',9),(182,'183',9),(183,'184',9),(184,'185',9),(185,'186',9),(197,'187',9),(186,'188',9),(187,'189',9),(188,'190',9),(189,'191',9),(203,'192',9),(198,'193',9),(199,'194',9),(200,'195',9),(190,'196',9),(191,'197',9),(201,'198',9),(192,'199',9),(1,'2',1),(14,'20',2),(204,'200',9),(166,'201',8),(167,'202',8),(171,'203',8),(205,'204',9),(172,'205',8),(173,'206',8),(242,'207',10),(174,'208',8),(230,'209',10),(231,'210',10),(232,'211',10),(54,'212',4),(55,'213',4),(243,'214',10),(77,'215',4),(56,'216',4),(249,'217',11),(250,'218',11),(57,'219',4),(275,'22',12),(316,'220',13),(78,'221',4),(281,'222',12),(58,'223',4),(282,'225',12),(59,'226',4),(79,'227',4),(142,'228',7),(283,'229',12),(29,'23',3),(233,'230',10),(143,'231',7),(144,'232',7),(162,'233',7),(234,'234',10),(317,'235',13),(318,'236',13),(319,'237',13),(145,'238',7),(235,'239',10),(353,'24',12),(251,'240',11),(60,'241',4),(146,'242',7),(274,'243',11),(252,'244',11),(253,'245',11),(254,'246',11),(284,'247',12),(320,'248',13),(255,'249',11),(256,'250',11),(285,'251',12),(356,'252',12),(352,'253',12),(286,'254',12),(287,'255',12),(288,'256',12),(289,'257',12),(357,'258',12),(290,'259',12),(133,'26',7),(358,'260',12),(291,'261',12),(292,'262',12),(293,'263',12),(359,'264',12),(294,'265',12),(295,'266',12),(360,'267',12),(296,'268',12),(297,'269',12),(80,'270',4),(321,'271',13),(322,'272',13),(323,'273',13),(324,'274',13),(325,'275',13),(348,'276',13),(326,'277',13),(349,'278',13),(327,'279',13),(333,'28',14),(350,'280',13),(328,'281',13),(351,'282',13),(329,'283',13),(330,'285',13),(61,'286',4),(147,'287',7),(148,'288',7),(149,'289',7),(102,'29',6),(28,'290',2),(48,'291',3),(37,'292',3),(38,'293',3),(331,'294',13),(62,'295',4),(150,'296',7),(151,'297',7),(152,'298',7),(153,'299',7),(103,'29a',6),(163,'3',8),(206,'30',10),(154,'300',7),(298,'301',12),(155,'302',7),(156,'303',7),(157,'303a',7),(158,'304',7),(299,'305',12),(300,'306',12),(236,'307',10),(257,'308',11),(159,'309',7),(207,'31',10),(160,'310',7),(258,'311',11),(259,'312',11),(260,'313',11),(261,'313a',11),(262,'314',11),(263,'315',11),(105,'316',6),(106,'317',6),(107,'318',6),(108,'320',6),(109,'321',6),(110,'322',6),(111,'323',6),(112,'324',6),(113,'324a',6),(114,'325',6),(115,'326',6),(116,'327',6),(117,'328',6),(118,'329',6),(244,'33',11),(63,'330',4),(64,'331',4),(65,'332',4),(66,'333',4),(67,'334',4),(68,'335',4),(69,'336',4),(70,'337',4),(119,'338',6),(120,'339',6),(134,'34',7),(193,'340',9),(202,'341',9),(194,'341a',9),(121,'342',6),(122,'342a',6),(301,'343',12),(237,'344',10),(238,'345',10),(239,'346',10),(240,'347',10),(123,'348',6),(124,'348a',6),(125,'349',6),(135,'34a',7),(264,'350',11),(265,'351',11),(266,'352',11),(303,'353',12),(302,'353a',12),(304,'354',12),(305,'355',12),(126,'356',6),(127,'356a',6),(128,'357',6),(129,'358',6),(130,'359',6),(131,'360',6),(132,'360a',6),(71,'365',4),(72,'366',4),(334,'37',14),(104,'38',6),(306,'401',12),(307,'402',12),(342,'405',14),(346,'406',14),(343,'407',14),(308,'408',12),(276,'41',12),(344,'410',14),(309,'411',12),(310,'412',12),(311,'417',12),(81,'42',5),(267,'420',11),(90,'421',5),(268,'427',11),(269,'428',11),(175,'43',9),(270,'430',11),(332,'431',13),(271,'432',11),(272,'435',11),(273,'436',11),(208,'44',10),(82,'45',5),(245,'46',11),(246,'47',11),(209,'48',10),(83,'49',5),(176,'50',9),(361,'51',2),(210,'52',10),(362,'53',2),(211,'54',10),(91,'55',5),(212,'56',10),(213,'57',10),(214,'58',10),(215,'59',10),(177,'61',9),(354,'62',12),(355,'63',12),(39,'64',3),(40,'65',3),(30,'66',3),(31,'67',3),(32,'68',3),(335,'69',14),(84,'70',5),(345,'71',14),(336,'72',14),(337,'73',14),(277,'74',12),(338,'75',14),(339,'75a',14),(278,'76',12),(279,'77',12),(280,'77a',12),(216,'78',10),(247,'79',11),(248,'80',11),(15,'81',2),(92,'82',5),(217,'83',10),(49,'84',4),(50,'85',4),(74,'86',4),(51,'87',4),(164,'88',8),(312,'89',13),(340,'90',14),(341,'91',14),(169,'92',8),(313,'93',13),(52,'94',4),(75,'95',4),(76,'96',4),(314,'97',13),(315,'98',13),(347,'99',13);
/*!40000 ALTER TABLE `wells` ENABLE KEYS */;
UNLOCK TABLES;

--
-- Dumping events for database 'dpr'
--

--
-- Dumping routines for database 'dpr'
--
/*!50003 DROP PROCEDURE IF EXISTS `DeleteAllEntries` */;
/*!50003 SET @saved_cs_client      = @@character_set_client */ ;
/*!50003 SET @saved_cs_results     = @@character_set_results */ ;
/*!50003 SET @saved_col_connection = @@collation_connection */ ;
/*!50003 SET character_set_client  = utf8mb4 */ ;
/*!50003 SET character_set_results = utf8mb4 */ ;
/*!50003 SET collation_connection  = utf8mb4_0900_ai_ci */ ;
/*!50003 SET @saved_sql_mode       = @@sql_mode */ ;
/*!50003 SET sql_mode              = 'ONLY_FULL_GROUP_BY,STRICT_TRANS_TABLES,NO_ZERO_IN_DATE,NO_ZERO_DATE,ERROR_FOR_DIVISION_BY_ZERO,NO_ENGINE_SUBSTITUTION' */ ;
DELIMITER ;;
CREATE DEFINER=`root`@`localhost` PROCEDURE `DeleteAllEntries`()
BEGIN
    DELETE FROM flowmeter;
    DELETE FROM well_stock;
    DELETE FROM completion;
    DELETE FROM well_downtime_reasons;
    DELETE FROM daily_well_parameters;
    DELETE FROM well_tests;
    DELETE FROM laboratory_results;
END ;;
DELIMITER ;
/*!50003 SET sql_mode              = @saved_sql_mode */ ;
/*!50003 SET character_set_client  = @saved_cs_client */ ;
/*!50003 SET character_set_results = @saved_cs_results */ ;
/*!50003 SET collation_connection  = @saved_col_connection */ ;
/*!50003 DROP PROCEDURE IF EXISTS `DeleteTodayEntries` */;
/*!50003 SET @saved_cs_client      = @@character_set_client */ ;
/*!50003 SET @saved_cs_results     = @@character_set_results */ ;
/*!50003 SET @saved_col_connection = @@collation_connection */ ;
/*!50003 SET character_set_client  = utf8mb4 */ ;
/*!50003 SET character_set_results = utf8mb4 */ ;
/*!50003 SET collation_connection  = utf8mb4_0900_ai_ci */ ;
/*!50003 SET @saved_sql_mode       = @@sql_mode */ ;
/*!50003 SET sql_mode              = 'ONLY_FULL_GROUP_BY,STRICT_TRANS_TABLES,NO_ZERO_IN_DATE,NO_ZERO_DATE,ERROR_FOR_DIVISION_BY_ZERO,NO_ENGINE_SUBSTITUTION' */ ;
DELIMITER ;;
CREATE DEFINER=`root`@`localhost` PROCEDURE `DeleteTodayEntries`()
BEGIN
    DELETE FROM flowmeter WHERE DATE(created_at) = CURDATE();
    DELETE FROM well_stock WHERE DATE(created_at) = CURDATE();
    DELETE FROM completion WHERE DATE(created_at) = CURDATE();
    DELETE FROM well_downtime_reasons WHERE DATE(created_at) = CURDATE();
    DELETE FROM daily_well_parameters WHERE DATE(created_at) = CURDATE();
    DELETE FROM well_tests WHERE DATE(created_at) = CURDATE();
    DELETE FROM laboratory_results WHERE DATE(created_at) = CURDATE();
END ;;
DELIMITER ;
/*!50003 SET sql_mode              = @saved_sql_mode */ ;
/*!50003 SET character_set_client  = @saved_cs_client */ ;
/*!50003 SET character_set_results = @saved_cs_results */ ;
/*!50003 SET collation_connection  = @saved_col_connection */ ;
/*!40103 SET TIME_ZONE=@OLD_TIME_ZONE */;

/*!40101 SET SQL_MODE=@OLD_SQL_MODE */;
/*!40014 SET FOREIGN_KEY_CHECKS=@OLD_FOREIGN_KEY_CHECKS */;
/*!40014 SET UNIQUE_CHECKS=@OLD_UNIQUE_CHECKS */;
/*!40101 SET CHARACTER_SET_CLIENT=@OLD_CHARACTER_SET_CLIENT */;
/*!40101 SET CHARACTER_SET_RESULTS=@OLD_CHARACTER_SET_RESULTS */;
/*!40101 SET COLLATION_CONNECTION=@OLD_COLLATION_CONNECTION */;
/*!40111 SET SQL_NOTES=@OLD_SQL_NOTES */;

-- Dump completed on 2025-01-05 11:20:54
